Kind,Repetition,Sum of Absolute Values,Mean Value,Standard Deviation,Maximum Value,Minimum Value,Kmeans_song_1_treshold,Kmeans_song_2_treshold,Kmeans_song_3_treshold,Kmeans_song_4_treshold,Song_1_Nodes_exceeding_treshold,Song_2_Nodes_exceeding_treshold,Song_3_Nodes_exceeding_treshold,Song_4_Nodes_exceeding_treshold,Total_Nodes_exceeding_treshold,degree_2_overlapp,degree_3_overlapp,degree_4_overlapp,sum_of_degree_overlapp,Total_Overlapp_percentage_by20,overlapp_column1,overlapp_column2,overlapp_column3,overlapp_column4,overlapp_column5,overlapp_column6,overlapp_column7,overlapp_column8,overlapp_column9,overlapp_column10,overlapp_column11,overlapp_column12,overlapp_column13,overlapp_column14,overlapp_column15,overlapp_column16,overlapp_column17,overlapp_column18,overlapp_column19,overlapp_column20
RNN,0,38.2479,0.4781,0.296,0.8113,0.0,0.4262,0.4276,0.3893,0.4181,13,12,12,12,49,4,5,5,14,0.005375,0.0,0.75,1.0,0.75,0.0,1.0,1.0,1.0,0.75,0.0,0.0,0.75,0.5,0.5,0.75,0.5,0.0,0.5,0.0,1.0
RNN,1,39.078,0.4885,0.3061,0.8113,0.0,0.4252,0.401,0.3994,0.4068,13,14,12,12,51,8,7,3,18,0.006125,1.0,0.5,0.0,0.75,0.5,0.75,0.5,0.75,0.75,1.0,0.5,0.5,1.0,0.75,0.75,0.5,0.5,0.5,0.0,0.75
RNN,2,39.4933,0.4937,0.2961,0.8112,-0.0006,0.3931,0.4315,0.4274,0.4114,13,14,12,12,51,8,7,3,18,0.006125,0.5,0.5,0.5,0.75,0.75,1.0,0.5,0.0,0.75,0.75,1.0,0.5,0.75,0.5,0.5,0.75,0.75,0.0,0.5,1.0
RNN,3,38.0773,0.476,0.302,0.8112,0.0,0.4171,0.4138,0.3872,0.3986,13,13,12,12,50,6,5,5,16,0.005875,0.0,0.75,0.75,0.75,0.5,0.5,1.0,0.75,1.0,0.0,0.0,0.5,0.0,1.0,1.0,0.5,1.0,0.5,0.75,0.5
RNN,4,39.3687,0.4921,0.2991,0.8113,0.0,0.4152,0.4148,0.3851,0.4064,14,14,12,12,52,8,4,6,18,0.0065,0.75,0.75,1.0,0.0,0.5,0.5,1.0,0.5,0.5,1.0,0.75,0.5,0.0,1.0,0.75,1.0,1.0,0.5,0.5,0.5
RNN,5,37.5202,0.4689,0.2857,0.8112,-0.0021,0.3902,0.3849,0.3898,0.4121,13,14,12,12,51,6,7,4,17,0.006125,0.0,0.5,0.75,1.0,1.0,0.5,0.75,0.75,0.5,0.75,0.0,0.0,0.75,1.0,1.0,0.5,0.5,0.75,0.5,0.75
RNN,6,38.3298,0.479,0.3012,0.8113,-0.0042,0.3747,0.444,0.4191,0.3914,13,13,11,13,50,2,10,3,15,0.00575,0.75,0.0,0.0,0.75,0.75,1.0,0.75,1.0,0.5,0.5,0.75,1.0,0.75,0.75,0.0,0.0,0.75,0.75,0.75,0.0
RNN,7,38.5165,0.4815,0.2962,0.8113,0.0,0.4223,0.3616,0.3831,0.3902,13,14,13,13,53,6,9,3,18,0.006375,0.5,0.5,0.5,0.75,0.75,0.75,0.5,1.0,0.5,1.0,0.75,0.5,1.0,0.75,0.75,0.75,0.0,0.75,0.75,0.0
RNN,8,38.6412,0.483,0.2956,0.8113,0.0,0.4074,0.4317,0.4018,0.4094,14,12,12,12,50,5,5,5,15,0.005625,0.5,0.0,0.5,0.75,1.0,0.0,1.0,1.0,0.0,0.0,1.0,1.0,0.75,0.0,0.5,0.5,0.75,0.75,0.75,0.5
RNN,9,38.9022,0.4863,0.3008,0.8113,0.0,0.4167,0.4335,0.3829,0.3955,13,13,12,13,51,7,8,3,18,0.00625,1.0,0.5,0.75,0.75,0.75,0.75,0.75,1.0,0.5,0.5,0.0,0.5,0.0,0.5,0.75,0.75,0.5,1.0,0.75,0.5
RNN,10,40.1754,0.5022,0.3063,0.8113,0.0,0.4212,0.441,0.4062,0.4168,14,13,12,12,51,7,5,5,17,0.006125,0.5,1.0,0.5,0.5,0.5,1.0,0.5,0.75,0.75,1.0,0.5,0.5,0.75,1.0,0.75,0.0,1.0,0.75,0.0,0.0
RNN,11,38.7869,0.4848,0.3006,0.8113,0.0,0.4259,0.4216,0.4097,0.3983,13,13,12,12,50,3,8,4,15,0.00575,0.75,0.75,0.75,0.5,1.0,1.0,0.0,0.75,0.75,0.75,0.75,1.0,0.75,0.5,0.0,0.0,1.0,0.0,0.5,0.0
RNN,12,35.3789,0.4422,0.2886,0.8113,0.0,0.4208,0.3747,0.4054,0.3843,12,13,11,11,47,5,7,3,15,0.005375,0.75,1.0,0.75,0.5,0.5,0.0,0.75,1.0,0.0,0.75,1.0,0.75,0.0,0.0,0.75,0.5,0.5,0.75,0.5,0.0
RNN,13,37.8718,0.4734,0.2963,0.8113,0.0,0.4388,0.4248,0.4169,0.4229,13,12,11,11,47,4,6,4,14,0.00525,0.0,0.5,0.5,0.75,0.5,1.0,0.0,1.0,0.0,1.0,0.75,0.0,0.75,0.0,0.75,0.0,0.75,0.75,1.0,0.5
RNN,14,36.5002,0.4563,0.2977,0.8113,0.0,0.4015,0.3911,0.3755,0.4048,13,13,12,11,49,7,5,4,16,0.005625,1.0,1.0,1.0,0.75,0.0,0.75,0.75,0.5,0.5,0.0,0.5,1.0,0.5,0.5,0.0,0.5,0.0,0.75,0.75,0.5
RNN,15,39.5223,0.494,0.3067,0.8113,0.0,0.3991,0.4307,0.3955,0.4249,14,13,12,12,51,6,8,3,17,0.006,0.5,0.75,0.5,0.0,1.0,0.5,0.0,0.75,0.75,0.75,0.5,0.75,1.0,0.75,0.0,0.75,1.0,0.75,0.5,0.5
RNN,16,37.3264,0.4666,0.3022,0.8113,0.0,0.3931,0.3924,0.4083,0.4174,13,13,11,12,49,6,6,4,16,0.00575,0.0,0.75,0.75,0.75,0.5,1.0,0.5,0.5,0.75,0.75,1.0,1.0,0.5,1.0,0.5,0.5,0.75,0.0,0.0,0.0
RNN,17,38.4528,0.4807,0.3022,0.8113,0.0,0.4253,0.4126,0.3874,0.4109,13,13,12,12,50,5,9,3,17,0.006125,0.75,0.75,1.0,0.5,0.0,0.75,0.5,0.5,0.0,0.75,1.0,1.0,0.75,0.0,0.5,0.75,0.75,0.75,0.75,0.5
RNN,18,38.1787,0.4772,0.3031,0.8113,0.0,0.4127,0.4235,0.4015,0.4105,13,13,11,12,49,7,5,4,16,0.005625,1.0,0.75,0.75,0.0,0.5,1.0,0.75,0.0,1.0,0.0,0.5,0.5,0.75,0.5,0.0,0.5,1.0,0.5,0.75,0.5
RNN,19,36.5899,0.457,0.3004,0.8112,-0.0104,0.4164,0.4136,0.3567,0.4193,12,13,12,11,48,5,9,2,16,0.005625,0.0,0.0,0.75,0.75,0.5,0.75,0.75,0.75,0.0,0.5,0.5,0.75,0.5,1.0,0.75,0.0,1.0,0.75,0.5,0.75
RNN,20,38.7529,0.4842,0.3035,0.8113,-0.0048,0.4425,0.4442,0.3845,0.3813,13,13,12,12,50,8,7,3,18,0.006125,0.5,1.0,0.75,1.0,1.0,0.75,0.75,0.5,0.5,0.0,0.5,0.5,0.75,0.0,0.5,0.75,0.5,0.5,0.75,0.75
RNN,21,40.1117,0.5014,0.3056,0.8112,0.0,0.432,0.4462,0.4151,0.4221,13,13,12,12,50,6,7,4,17,0.006125,0.0,0.75,1.0,0.75,0.75,0.0,1.0,0.75,0.75,0.75,1.0,0.5,0.0,0.75,0.5,0.5,0.5,0.5,0.5,1.0
RNN,22,40.7703,0.5096,0.3059,0.8113,0.0,0.4204,0.4165,0.422,0.3941,14,14,12,13,53,8,4,6,18,0.0065,0.75,0.5,0.0,1.0,1.0,0.5,0.5,0.5,0.5,1.0,1.0,0.5,0.75,0.0,1.0,0.75,1.0,0.5,0.5,0.75
RNN,23,38.5799,0.4822,0.3012,0.8113,-0.0034,0.387,0.4264,0.4059,0.393,13,13,12,13,51,7,9,2,18,0.006125,0.5,0.75,0.5,1.0,0.75,1.0,0.0,0.75,0.75,0.5,0.5,0.75,0.0,0.5,0.75,0.75,0.75,0.75,0.5,0.5
RNN,24,37.4007,0.4674,0.3,0.8113,-0.0058,0.3768,0.4229,0.4127,0.4029,13,13,11,12,49,4,7,4,15,0.005625,0.75,0.0,0.75,0.0,1.0,0.75,0.5,0.5,0.75,1.0,0.5,0.0,0.75,1.0,0.0,0.75,0.5,0.75,0.0,1.0
RNN,25,37.6039,0.47,0.2978,0.8112,0.0,0.4384,0.4367,0.3938,0.39,12,12,12,12,48,5,1,7,13,0.005125,1.0,1.0,0.5,1.0,0.0,0.0,0.5,0.0,0.75,0.0,0.0,1.0,1.0,0.0,1.0,0.5,1.0,0.5,0.5,0.0
RNN,26,39.023,0.4878,0.299,0.8113,0.0,0.4086,0.4217,0.3991,0.4071,13,13,12,13,51,7,6,4,17,0.006,0.5,0.75,0.5,0.5,0.0,0.75,1.0,0.75,0.0,0.5,0.5,0.0,0.75,0.5,1.0,0.5,0.75,1.0,0.75,1.0
RNN,27,38.2033,0.4775,0.2919,0.8113,0.0,0.4332,0.405,0.3652,0.4056,13,13,13,12,51,4,8,4,16,0.006,0.5,0.75,0.0,0.75,0.75,0.5,0.75,0.75,0.5,0.75,0.0,1.0,0.75,0.0,1.0,1.0,0.5,0.75,1.0,0.0
RNN,28,38.9811,0.4873,0.2949,0.8113,0.0,0.4079,0.3957,0.3777,0.3984,13,14,13,13,53,6,9,3,18,0.006375,0.75,0.5,0.75,0.75,0.75,1.0,1.0,0.75,0.75,0.75,0.5,0.75,1.0,0.5,0.0,0.75,0.0,0.5,0.5,0.5
RNN,29,37.6925,0.471,0.299,0.8112,-0.0037,0.3795,0.4186,0.3758,0.3953,13,13,12,13,51,7,6,4,17,0.006,0.75,1.0,1.0,0.0,0.75,0.5,0.0,0.5,0.5,0.5,0.75,0.75,1.0,0.75,1.0,0.75,0.5,0.5,0.5,0.0
RNN,30,40.1632,0.502,0.3065,0.8113,0.0,0.425,0.4385,0.426,0.3966,13,13,12,13,51,9,5,4,18,0.006125,0.5,1.0,0.0,0.5,0.75,0.5,0.75,0.0,0.75,1.0,0.5,0.5,0.5,0.5,0.75,0.5,0.75,1.0,1.0,0.5
RNN,31,38.062,0.4758,0.2913,0.8113,0.0,0.4243,0.4113,0.3875,0.4071,13,13,12,12,50,5,7,4,16,0.005875,0.75,0.75,0.5,0.0,1.0,1.0,0.75,0.0,0.75,0.75,0.75,0.5,1.0,0.75,0.0,0.0,0.5,0.5,1.0,0.5
RNN,32,38.7294,0.4841,0.2954,0.8113,0.0,0.4412,0.4199,0.4005,0.397,13,13,12,12,50,5,5,5,15,0.005625,1.0,0.5,0.5,0.0,0.0,1.0,0.0,0.75,0.75,0.75,1.0,0.5,0.0,0.75,0.75,1.0,0.0,0.5,0.5,1.0
RNN,33,39.1725,0.4897,0.2964,0.8112,0.0,0.4386,0.4158,0.3862,0.4059,13,14,12,12,51,7,3,6,16,0.005875,0.5,0.75,1.0,0.75,0.5,1.0,1.0,0.0,0.75,1.0,0.5,0.0,1.0,0.0,0.5,0.5,0.0,1.0,0.5,0.5
RNN,34,38.5672,0.4821,0.2999,0.8113,0.0,0.4264,0.4165,0.4108,0.3938,13,13,12,12,50,7,4,5,16,0.00575,0.5,0.5,1.0,0.5,0.0,0.5,0.5,0.5,0.0,1.0,0.0,1.0,0.75,0.75,0.0,0.75,1.0,1.0,0.75,0.5
RNN,35,38.5049,0.4813,0.3009,0.8113,0.0,0.4184,0.4059,0.4196,0.3955,13,14,11,12,50,6,7,4,17,0.006125,0.5,1.0,0.5,1.0,0.0,0.5,0.0,0.5,0.75,0.75,1.0,0.75,0.75,0.5,0.75,0.5,1.0,0.75,0.0,0.75
RNN,36,39.2992,0.4912,0.304,0.8113,0.0,0.4141,0.4175,0.3911,0.4232,13,14,12,12,51,6,7,4,17,0.006125,1.0,0.5,0.0,0.75,1.0,1.0,0.5,0.75,0.5,0.5,0.5,0.75,1.0,0.75,0.75,0.75,0.0,0.75,0.0,0.5
RNN,37,37.7714,0.4721,0.3013,0.8113,0.0,0.4308,0.4084,0.3964,0.4022,12,13,12,12,49,3,8,4,15,0.00575,0.75,0.0,0.5,0.5,0.0,0.75,0.0,0.75,0.0,0.75,1.0,0.75,0.75,1.0,0.75,1.0,0.75,0.0,1.0,0.5
RNN,38,36.6976,0.4587,0.2968,0.8113,0.0,0.3949,0.4205,0.4134,0.4147,13,12,11,11,47,9,3,4,16,0.005375,0.0,0.5,0.5,0.75,0.5,0.0,1.0,0.5,0.5,0.75,0.5,0.5,0.5,0.5,0.0,1.0,1.0,0.0,1.0,0.75
RNN,39,36.3416,0.4543,0.2923,0.8111,0.0,0.4026,0.3729,0.3758,0.3896,13,14,11,12,50,5,8,3,16,0.00575,0.75,0.75,0.75,0.5,0.75,1.0,0.0,0.0,1.0,0.5,1.0,0.75,0.75,0.5,0.5,0.0,0.75,0.75,0.5,0.0
RNN,40,37.8428,0.473,0.2955,0.8113,0.0,0.4074,0.3972,0.4017,0.4073,13,14,11,12,50,11,5,3,19,0.006125,0.5,0.5,0.5,1.0,0.5,1.0,0.5,1.0,0.5,0.75,0.75,0.5,0.5,0.75,0.75,0.75,0.0,0.5,0.5,0.5
RNN,41,36.6306,0.4577,0.2951,0.8113,-0.0054,0.3833,0.4038,0.3958,0.4001,13,13,11,12,49,4,7,4,15,0.005625,0.75,0.0,0.0,0.0,1.0,0.5,0.75,1.0,0.5,0.75,0.5,1.0,1.0,0.0,0.75,0.0,0.75,0.75,0.75,0.5
RNN,42,38.3534,0.4794,0.2998,0.8113,0.0,0.4262,0.4044,0.4206,0.4141,13,13,11,12,49,4,13,0,17,0.005875,0.0,0.75,0.75,0.75,0.75,0.75,0.75,0.75,0.75,0.5,0.75,0.5,0.0,0.0,0.75,0.5,0.5,0.75,0.75,0.75
RNN,43,39.6452,0.4956,0.3055,0.8113,0.0,0.4209,0.4382,0.403,0.3999,13,13,12,13,51,4,5,6,15,0.005875,0.0,0.5,1.0,1.0,0.75,0.75,0.75,1.0,0.75,1.0,1.0,0.5,1.0,0.0,0.5,0.5,0.0,0.0,0.0,0.75
RNN,44,37.3191,0.4665,0.3044,0.8113,0.0,0.4158,0.4,0.3791,0.412,13,13,11,12,49,4,13,0,17,0.005875,0.75,0.75,0.0,0.0,0.5,0.75,0.0,0.75,0.75,0.75,0.75,0.75,0.75,0.5,0.75,0.5,0.75,0.75,0.5,0.75
RNN,45,39.6453,0.4956,0.2972,0.8113,0.0,0.4162,0.4599,0.4073,0.3876,13,13,12,13,51,4,9,3,16,0.005875,0.5,0.5,0.75,0.0,1.0,1.0,0.5,0.75,0.0,0.75,0.0,0.0,0.75,0.75,0.75,0.75,0.5,0.75,0.75,1.0
RNN,46,40.9668,0.5121,0.3074,0.8113,0.0,0.4425,0.4447,0.3943,0.4084,13,13,13,13,52,6,10,2,18,0.00625,0.75,0.5,0.75,0.0,1.0,0.75,0.75,0.75,0.5,0.0,0.75,0.75,0.5,0.75,0.5,0.75,1.0,0.75,0.5,0.5
RNN,47,39.6432,0.4955,0.3078,0.8113,0.0,0.4128,0.4356,0.3957,0.4146,13,13,13,12,51,5,10,2,17,0.006,0.5,0.75,0.75,0.0,1.0,0.75,0.75,0.75,0.75,0.5,0.5,0.75,0.75,0.0,0.5,0.75,1.0,0.5,0.0,0.75
RNN,48,34.3948,0.4299,0.2856,0.8113,0.0,0.4357,0.3833,0.3853,0.3857,12,12,10,11,45,6,6,3,15,0.00525,0.5,0.0,1.0,0.75,1.0,0.5,0.5,0.0,0.75,0.75,0.0,0.0,0.0,1.0,0.5,0.75,0.5,0.75,0.5,0.75
RNN,49,38.6348,0.4829,0.303,0.8113,0.0,0.4307,0.3918,0.3984,0.3981,13,14,12,12,51,6,8,3,17,0.006,1.0,0.5,0.75,0.0,0.75,0.75,0.5,0.75,1.0,0.5,0.75,0.75,0.5,1.0,0.0,0.0,0.75,0.5,0.5,0.75
RNNA,0,26.4653,0.3308,0.2572,0.7993,0.0,0.3466,0.3693,0.3108,0.3869,13,9,7,7,36,3,4,2,9,0.00325,0.0,0.75,0.0,0.5,0.75,0.0,0.0,0.0,0.0,0.5,0.0,1.0,0.75,0.5,0.75,0.0,0.0,1.0,0.0,0.0
RNNA,1,34.0052,0.4251,0.2809,0.8113,0.0,0.3903,0.4336,0.3819,0.3428,11,11,12,12,46,6,11,0,17,0.005625,0.0,0.5,0.5,0.75,0.75,0.0,0.75,0.5,0.5,0.5,0.75,0.75,0.5,0.75,0.75,0.75,0.0,0.75,0.75,0.75
RNNA,2,33.3349,0.4167,0.2796,0.8113,-0.0004,0.3691,0.3996,0.3925,0.3741,13,11,10,11,45,10,5,2,17,0.005375,0.5,0.5,0.75,0.0,0.0,0.5,0.5,1.0,0.5,0.75,0.75,0.5,0.75,0.5,0.0,0.5,0.75,0.5,1.0,0.5
RNNA,3,25.8643,0.3228,0.2624,0.7873,-0.011,0.3721,0.3779,0.3357,0.3383,11,8,7,8,34,8,0,3,11,0.0035,0.0,1.0,0.5,0.0,0.5,0.5,0.0,0.0,1.0,0.0,0.5,0.5,1.0,0.0,0.5,0.5,0.0,0.5,0.0,0.0
RNNA,4,27.5011,0.3437,0.2628,0.7649,-0.0013,0.3886,0.3985,0.3571,0.3217,13,8,7,7,35,3,4,2,9,0.00325,0.0,0.0,0.75,0.75,0.5,0.5,0.0,1.0,0.75,0.0,0.0,0.0,1.0,0.0,0.0,0.0,0.0,0.0,0.5,0.75
RNNA,5,28.2557,0.3524,0.2787,0.8112,-0.0181,0.4256,0.3832,0.3471,0.3133,12,8,9,8,37,3,8,0,11,0.00375,0.0,0.75,0.5,0.5,0.0,0.75,0.75,0.0,0.75,0.0,0.0,0.75,0.0,0.75,0.0,0.75,0.5,0.0,0.0,0.75
RNNA,6,28.2058,0.3526,0.2773,0.8112,0.0,0.362,0.3583,0.3822,0.3867,12,9,8,8,37,5,4,2,11,0.00375,0.0,0.0,0.0,0.5,0.5,1.0,0.0,0.75,0.0,0.0,0.0,0.5,0.0,0.75,1.0,0.0,0.75,0.5,0.75,0.5
RNNA,7,23.9706,0.2996,0.2616,0.8109,-0.0017,0.4351,0.299,0.1955,0.2224,15,9,8,6,38,3,6,2,11,0.004,0.0,0.0,0.0,0.75,0.0,0.5,0.75,0.75,0.0,0.5,0.75,0.75,0.0,0.0,0.5,1.0,0.0,0.0,1.0,0.75
RNNA,8,29.7861,0.3721,0.2662,0.785,-0.0068,0.4145,0.3543,0.3717,0.3185,13,10,9,9,41,5,6,2,13,0.0045,0.75,0.0,0.75,0.75,0.75,0.5,0.75,0.0,0.0,0.0,0.5,1.0,0.0,0.5,0.5,0.5,0.75,1.0,0.0,0.0
RNNA,9,29.0912,0.3636,0.2681,0.7852,0.0,0.404,0.3468,0.3409,0.3455,13,9,8,10,40,3,5,3,11,0.004125,1.0,0.0,0.0,0.0,0.75,0.75,0.0,0.5,0.75,0.5,0.0,0.0,1.0,0.0,0.0,0.75,0.5,0.75,0.0,1.0
RNNA,10,29.5083,0.3688,0.2941,0.8113,-0.0022,0.408,0.3836,0.3571,0.3612,13,10,8,7,38,5,4,2,11,0.00375,0.0,1.0,0.0,0.0,0.0,0.5,0.0,0.5,1.0,0.75,0.75,0.75,0.0,0.75,0.0,0.0,0.0,0.5,0.5,0.5
RNNA,11,35.7449,0.4468,0.295,0.8113,0.0,0.3948,0.3934,0.391,0.4147,13,12,11,11,47,7,6,3,16,0.0055,0.5,0.5,0.5,1.0,0.75,0.0,0.75,0.75,0.5,0.0,0.5,1.0,0.75,1.0,0.75,0.5,0.0,0.0,0.75,0.5
RNNA,12,24.1895,0.3024,0.2524,0.7854,0.0,0.3788,0.353,0.3076,0.3339,12,8,5,7,32,5,3,1,9,0.002875,0.75,0.5,0.0,0.75,0.0,0.0,0.0,0.0,0.75,0.0,1.0,0.5,0.0,0.5,0.5,0.5,0.0,0.0,0.0,0.0
RNNA,13,28.4662,0.3557,0.2722,0.7854,-0.0048,0.3851,0.3511,0.3619,0.3659,14,9,8,7,38,6,5,1,12,0.003875,0.0,0.5,0.0,0.0,0.0,1.0,0.75,0.5,0.0,0.5,0.75,0.0,0.0,0.5,0.0,0.75,0.5,0.75,0.5,0.75
RNNA,14,31.2084,0.3899,0.2807,0.7703,-0.0045,0.4049,0.3833,0.346,0.3732,13,10,10,9,42,6,4,3,13,0.0045,0.75,0.5,0.0,0.5,0.0,0.0,0.5,0.0,0.0,0.5,0.5,0.75,0.0,0.75,0.5,0.0,1.0,1.0,1.0,0.75
RNNA,15,35.3401,0.4418,0.2895,0.8112,0.0,0.4021,0.3858,0.3907,0.4148,14,12,10,10,46,3,5,5,13,0.005125,0.0,0.5,0.75,0.75,1.0,1.0,0.75,0.0,0.0,0.5,0.75,0.0,1.0,1.0,1.0,0.75,0.0,0.0,0.5,0.0
RNNA,16,30.2183,0.377,0.2746,0.811,-0.0177,0.4298,0.3654,0.3844,0.3267,11,11,9,9,40,4,6,2,12,0.00425,0.75,0.75,0.0,0.5,1.0,1.0,0.75,0.0,0.75,0.5,0.0,0.75,0.0,0.5,0.75,0.0,0.0,0.0,0.0,0.5
RNNA,17,27.6688,0.3459,0.2734,0.8112,0.0,0.4597,0.3469,0.312,0.3534,11,9,8,8,36,3,5,2,10,0.003625,0.0,0.75,0.5,1.0,0.75,0.0,0.0,0.75,0.0,0.75,1.0,0.5,0.0,0.0,0.0,0.0,0.5,0.75,0.0,0.0
RNNA,18,24.5732,0.3072,0.2524,0.8049,0.0,0.3932,0.3713,0.339,0.3247,11,7,6,6,30,4,4,0,8,0.0025,0.75,0.0,0.0,0.0,0.0,0.0,0.0,0.75,0.0,0.5,0.0,0.5,0.0,0.0,0.5,0.75,0.0,0.0,0.5,0.75
RNNA,19,15.9959,0.1998,0.2179,0.7737,-0.0054,0.4015,0.3472,0.1398,0.1829,11,3,5,4,23,6,2,0,8,0.00225,0.0,0.5,0.5,0.5,0.5,0.0,0.5,0.0,0.0,0.0,0.0,0.0,0.0,0.0,0.5,0.75,0.75,0.0,0.0,0.0
RNNA,20,26.9955,0.3374,0.2636,0.7994,-0.0002,0.3964,0.3965,0.344,0.3516,11,8,7,8,34,7,2,2,11,0.0035,0.5,1.0,0.0,0.0,0.0,0.5,0.0,0.5,0.0,0.5,0.75,0.0,0.0,0.5,0.5,0.0,0.75,1.0,0.5,0.0
RNNA,21,30.5494,0.3819,0.2798,0.8113,0.0,0.4015,0.3869,0.3824,0.3293,11,10,10,10,41,7,6,1,14,0.0045,0.5,0.5,0.75,0.5,0.75,0.0,0.75,0.0,0.75,0.0,0.5,0.0,0.5,0.0,0.5,1.0,0.5,0.75,0.75,0.0
RNNA,22,28.8743,0.3606,0.2698,0.794,-0.0066,0.3993,0.3857,0.3008,0.4071,13,10,7,7,37,6,3,2,11,0.003625,0.0,0.5,0.75,0.0,0.5,0.0,0.5,0.0,0.0,0.5,0.0,0.0,1.0,0.0,0.5,0.5,0.75,0.0,0.75,1.0
RNNA,23,27.0852,0.3383,0.2644,0.8113,-0.0108,0.386,0.3603,0.3442,0.2879,13,9,8,8,38,6,4,2,12,0.004,1.0,0.5,0.0,0.0,0.75,0.5,0.5,0.75,1.0,0.0,0.75,0.0,0.75,0.0,0.5,0.5,0.0,0.0,0.5,0.0
RNNA,24,27.1158,0.3389,0.2738,0.811,-0.0029,0.415,0.3783,0.3284,0.3071,13,8,7,7,35,3,5,1,9,0.003125,0.0,0.5,1.0,0.0,0.75,0.75,0.75,0.0,0.0,0.75,0.0,0.0,0.5,0.0,0.0,0.0,0.0,0.75,0.0,0.5
RNNA,25,35.7175,0.4461,0.2855,0.8071,-0.0136,0.4384,0.4048,0.38,0.3459,14,12,11,11,48,7,3,5,15,0.005375,0.75,0.5,1.0,1.0,1.0,0.0,0.0,0.5,1.0,0.75,1.0,0.5,0.75,0.5,0.0,0.0,0.5,0.0,0.5,0.5
RNNA,26,30.9829,0.3873,0.2684,0.7853,0.0,0.423,0.4004,0.2946,0.3622,11,10,11,11,43,3,5,4,12,0.004625,0.0,0.0,0.75,0.0,0.0,1.0,0.75,0.0,0.5,1.0,0.0,0.5,0.75,0.5,1.0,0.0,0.0,0.75,1.0,0.75
RNNA,27,30.1273,0.376,0.2752,0.8112,-0.0162,0.3967,0.3807,0.3052,0.341,13,9,9,12,43,7,2,5,14,0.005,0.5,0.5,0.0,1.0,0.0,1.0,0.75,0.5,0.5,0.0,1.0,1.0,0.5,0.75,0.5,0.0,1.0,0.0,0.0,0.5
RNNA,28,28.9494,0.3617,0.2742,0.8111,-0.0076,0.4635,0.3541,0.3096,0.3693,13,7,9,8,37,7,4,1,12,0.00375,0.5,0.0,0.75,0.0,0.5,0.5,0.5,0.0,0.75,0.75,0.0,0.75,0.0,0.0,0.0,0.5,0.0,1.0,0.5,0.5
RNNA,29,24.7667,0.3095,0.2465,0.76,-0.0031,0.3638,0.3446,0.2861,0.3159,13,7,8,8,36,2,6,1,9,0.00325,0.0,0.75,0.75,0.75,0.0,0.75,0.0,0.5,0.0,0.75,0.0,0.0,0.0,0.0,0.5,0.0,0.0,0.75,0.0,1.0
RNNA,30,31.9169,0.3989,0.2727,0.8109,-0.0019,0.4644,0.3978,0.3337,0.3248,12,9,11,11,43,9,6,1,16,0.005,0.5,0.5,1.0,0.0,0.5,0.75,0.75,0.75,0.5,0.0,0.5,0.75,0.5,0.5,0.75,0.0,0.75,0.0,0.5,0.5
RNNA,31,33.8991,0.4237,0.2695,0.8113,0.0,0.3975,0.38,0.3679,0.3773,13,12,11,11,47,7,6,3,16,0.0055,0.0,0.75,1.0,0.75,0.5,1.0,0.5,0.0,1.0,0.0,0.5,0.5,0.5,0.0,0.75,0.75,0.5,0.75,0.5,0.75
RNNA,32,27.7453,0.3468,0.2764,0.8113,-0.0009,0.4214,0.3796,0.4109,0.3764,9,8,7,8,32,5,4,0,9,0.00275,0.5,0.5,0.75,0.5,0.75,0.0,0.0,0.75,0.5,0.0,0.0,0.0,0.0,0.0,0.5,0.0,0.0,0.75,0.0,0.0
RNNA,33,27.4451,0.3428,0.2676,0.8112,-0.0096,0.3925,0.3949,0.3991,0.388,11,7,7,7,32,3,2,3,8,0.003,0.5,0.0,0.0,0.5,0.5,0.0,0.75,1.0,1.0,0.0,1.0,0.0,0.0,0.0,0.0,0.0,0.0,0.75,0.0,0.0
RNNA,34,28.1429,0.3515,0.268,0.7854,-0.0095,0.3776,0.3821,0.3114,0.3505,12,9,9,9,39,3,5,3,11,0.004125,0.5,0.5,0.0,1.0,0.0,0.0,0.5,0.0,0.75,0.0,0.75,0.0,0.0,0.75,0.0,0.0,1.0,1.0,0.75,0.75
RNNA,35,28.2866,0.3536,0.2728,0.811,0.0,0.4503,0.3645,0.3469,0.3777,12,8,7,7,34,4,4,1,9,0.003,0.0,0.5,0.75,0.5,0.0,0.75,0.0,0.0,0.0,0.0,0.5,0.0,0.75,0.0,0.0,0.5,0.0,1.0,0.75,0.0
RNNA,36,26.3184,0.3289,0.2613,0.7854,-0.0014,0.3645,0.3564,0.3047,0.3488,13,10,7,7,37,5,6,1,12,0.004,0.75,0.5,0.5,0.5,0.0,0.5,0.75,0.0,0.5,0.75,1.0,0.0,0.0,0.75,0.0,0.0,0.0,0.75,0.75,0.0
RNNA,37,21.5904,0.2698,0.2484,0.7658,-0.004,0.3809,0.3225,0.2735,0.344,13,5,5,5,28,4,1,2,7,0.002375,0.0,0.0,0.0,0.5,0.0,0.0,0.0,1.0,0.0,0.0,1.0,0.0,0.0,0.5,0.5,0.5,0.0,0.0,0.0,0.75
RNNA,38,29.8879,0.3735,0.27,0.8112,-0.0022,0.4096,0.3673,0.3409,0.3679,14,9,9,7,39,5,4,2,11,0.00375,0.5,0.0,0.0,0.0,0.75,0.5,0.5,0.0,0.0,0.5,1.0,0.75,0.0,0.75,0.75,0.0,0.0,0.0,1.0,0.5
RNNA,39,30.7692,0.3846,0.2679,0.7994,0.0,0.3555,0.3928,0.3686,0.3724,13,10,10,9,42,5,7,1,13,0.004375,1.0,0.75,0.0,0.75,0.75,0.0,0.5,0.75,0.0,0.5,0.0,0.0,0.75,0.75,0.0,0.0,0.5,0.5,0.75,0.5
RNNA,40,29.8049,0.3725,0.2607,0.7916,-0.0009,0.4101,0.3706,0.3302,0.2978,13,10,11,9,43,5,3,5,13,0.004875,0.0,0.5,0.5,0.5,0.0,0.75,0.0,0.0,1.0,1.0,0.0,0.0,1.0,0.0,0.5,0.75,0.75,1.0,0.5,1.0
RNNA,41,33.8012,0.4225,0.2739,0.7992,-0.0,0.3861,0.397,0.4112,0.3891,13,11,9,11,44,5,5,3,13,0.004625,0.0,0.5,0.0,1.0,0.75,0.0,0.75,0.0,0.0,0.5,0.5,0.75,0.5,0.75,0.0,0.0,1.0,0.75,0.5,1.0
RNNA,42,27.6209,0.3453,0.2691,0.8107,0.0,0.4568,0.3388,0.2996,0.3218,12,9,9,8,38,7,4,2,13,0.00425,0.75,0.0,0.5,0.0,0.5,0.5,1.0,0.75,0.5,0.75,0.0,0.0,0.0,0.75,0.5,0.5,0.0,0.0,0.5,1.0
RNNA,43,27.9654,0.3496,0.2545,0.799,-0.0004,0.4304,0.3146,0.3147,0.3526,11,10,8,10,39,8,3,3,14,0.004625,0.5,0.5,0.5,0.5,0.5,0.0,0.0,0.0,0.75,0.75,0.75,0.0,0.0,1.0,0.5,0.5,1.0,0.5,0.0,1.0
RNNA,44,27.7042,0.3463,0.2752,0.8111,0.0,0.3905,0.393,0.3488,0.302,12,9,8,9,38,5,2,4,11,0.004,1.0,1.0,0.5,0.0,0.0,0.0,0.5,0.0,0.5,0.0,1.0,1.0,0.5,0.0,0.75,0.0,0.75,0.0,0.0,0.5
RNNA,45,25.8251,0.3228,0.2546,0.7639,-0.0016,0.3791,0.3429,0.3221,0.3066,13,9,7,7,36,5,5,1,11,0.003625,0.75,0.0,0.0,0.5,0.5,0.75,0.5,0.75,0.75,0.0,0.0,0.0,0.5,0.0,0.0,0.0,0.5,0.0,0.75,1.0
RNNA,46,31.6676,0.3958,0.2793,0.8109,-0.0032,0.4026,0.3815,0.3833,0.3311,13,10,9,11,43,7,6,2,15,0.005,1.0,0.0,0.5,0.5,0.5,0.5,0.5,0.75,0.0,0.5,0.5,0.75,0.75,1.0,0.0,0.0,0.75,0.75,0.0,0.75
RNNA,47,31.9612,0.3989,0.282,0.8112,-0.0182,0.3669,0.4028,0.3721,0.4038,13,10,10,9,42,7,3,3,13,0.004375,1.0,0.5,0.5,0.0,0.75,0.5,0.0,0.0,0.0,0.5,1.0,0.5,0.5,1.0,0.75,0.0,0.5,0.0,0.0,0.75
RNNA,48,32.508,0.4063,0.284,0.8112,0.0,0.4267,0.4207,0.4026,0.3934,13,8,9,9,39,4,2,4,10,0.00375,0.0,0.0,1.0,0.0,0.0,0.75,0.0,1.0,0.0,0.0,0.0,0.5,0.0,0.5,0.5,1.0,0.5,1.0,0.75,0.0
RNNA,49,22.7324,0.2838,0.2358,0.771,-0.0081,0.3558,0.3191,0.265,0.3389,12,7,6,7,32,4,4,1,9,0.003,0.0,0.5,0.0,0.0,0.0,0.5,0.75,0.0,0.0,0.5,0.75,1.0,0.0,0.75,0.0,0.0,0.0,0.0,0.5,0.75
LSTM,0,35.4947,0.4436,0.3002,0.8112,-0.0032,0.3935,0.3872,0.3789,0.3874,13,12,12,11,48,4,5,5,14,0.005375,0.5,0.75,1.0,0.0,0.0,0.5,0.0,1.0,0.5,0.75,0.5,0.75,1.0,0.0,1.0,0.0,0.75,1.0,0.0,0.75
LSTM,1,37.7456,0.4718,0.2933,0.8113,0.0,0.3851,0.4631,0.4016,0.3611,13,12,12,13,50,7,3,6,16,0.005875,1.0,0.0,0.5,0.5,0.0,0.5,0.5,1.0,0.5,0.5,1.0,0.75,1.0,1.0,0.0,0.0,0.75,1.0,0.75,0.5
LSTM,2,28.2893,0.3536,0.2714,0.7947,0.0,0.3985,0.385,0.3658,0.4073,11,8,8,7,34,4,4,2,10,0.0035,0.0,0.5,0.5,1.0,0.75,0.75,0.75,0.0,0.0,0.0,0.0,0.5,0.5,1.0,0.75,0.0,0.0,0.0,0.0,0.0
LSTM,3,34.6659,0.4333,0.2846,0.8112,0.0,0.4013,0.4341,0.4094,0.3602,13,12,9,11,45,8,6,2,16,0.00525,0.75,0.5,0.75,0.0,0.5,0.5,0.75,0.0,0.5,0.0,0.5,1.0,0.5,0.0,0.75,0.5,0.75,1.0,0.5,0.75
LSTM,4,36.6368,0.4578,0.2907,0.8113,-0.0046,0.3879,0.4219,0.4125,0.4167,14,12,9,12,47,10,6,2,18,0.00575,0.5,1.0,0.0,0.5,0.75,1.0,0.5,0.75,0.75,0.5,0.75,0.5,0.5,0.5,0.75,0.5,0.5,0.75,0.0,0.5
LSTM,5,34.6868,0.433,0.3017,0.811,-0.0095,0.4007,0.4224,0.3696,0.4026,12,12,10,11,45,7,4,4,15,0.00525,0.75,0.5,1.0,0.75,0.5,0.5,0.0,0.0,1.0,0.75,0.75,0.5,0.5,1.0,0.5,0.5,0.0,1.0,0.0,0.0
LSTM,6,34.9193,0.4365,0.2933,0.8109,0.0,0.4183,0.3959,0.3685,0.3702,13,12,11,11,47,6,3,5,14,0.005125,0.75,1.0,0.5,1.0,0.0,0.0,0.5,1.0,0.5,0.0,0.75,1.0,0.5,0.0,0.0,0.5,0.75,1.0,0.5,0.0
LSTM,7,35.2649,0.4407,0.299,0.8112,-0.0025,0.3751,0.4233,0.4211,0.404,12,12,10,11,45,5,4,4,13,0.00475,0.5,0.0,0.75,0.75,0.0,0.75,0.0,0.5,0.5,1.0,0.5,0.0,0.75,0.0,0.5,1.0,1.0,0.0,1.0,0.0
LSTM,8,35.8233,0.4477,0.3093,0.8113,-0.0016,0.3992,0.4097,0.4236,0.3848,12,13,10,11,46,6,6,3,15,0.00525,0.75,0.75,0.0,0.75,0.5,0.0,1.0,0.5,0.5,0.0,0.5,0.75,0.75,1.0,0.0,0.0,0.75,0.5,1.0,0.5
LSTM,9,34.8726,0.4359,0.3004,0.8113,0.0,0.4008,0.4446,0.3846,0.4,12,11,10,11,44,5,7,2,14,0.004875,0.75,1.0,0.75,0.75,0.5,0.5,0.75,0.0,0.75,0.0,0.5,1.0,0.75,0.0,0.5,0.5,0.75,0.0,0.0,0.0
LSTM,10,34.206,0.4276,0.2978,0.8113,0.0,0.4155,0.4044,0.4109,0.3723,12,12,9,11,44,8,3,4,15,0.005125,1.0,0.5,0.0,0.5,1.0,0.0,0.75,0.5,0.0,0.0,0.5,0.5,1.0,0.5,1.0,0.75,0.5,0.75,0.0,0.5
LSTM,11,34.0283,0.4254,0.294,0.8113,0.0,0.4218,0.4145,0.3467,0.3803,12,11,12,10,45,6,8,2,16,0.0055,0.5,0.75,0.0,0.5,0.75,0.5,0.0,0.5,1.0,0.75,0.5,1.0,0.0,0.75,0.75,0.5,0.0,0.75,0.75,0.75
LSTM,12,34.3583,0.4295,0.2984,0.8113,0.0,0.3698,0.3713,0.4086,0.403,12,13,11,10,46,6,5,4,15,0.005375,0.5,0.5,1.0,0.5,0.75,0.75,1.0,0.75,0.0,0.0,0.5,0.5,1.0,0.5,0.75,0.0,0.75,1.0,0.0,0.0
LSTM,13,32.4415,0.4055,0.307,0.8113,0.0,0.4013,0.3684,0.3638,0.4329,10,11,11,10,42,5,5,3,13,0.004625,0.0,0.5,0.75,0.5,0.5,0.0,0.0,1.0,0.75,0.0,0.0,0.5,0.75,0.5,0.0,1.0,0.0,1.0,0.75,0.75
LSTM,14,37.7924,0.4723,0.2922,0.8113,-0.004,0.4279,0.4159,0.4212,0.3803,13,13,11,12,49,8,3,5,16,0.005625,0.0,0.0,0.0,0.75,0.0,1.0,0.5,0.5,1.0,0.5,0.75,0.5,0.5,1.0,0.5,1.0,0.5,0.5,1.0,0.75
LSTM,15,34.1808,0.4269,0.2947,0.8091,-0.0063,0.4166,0.3748,0.3785,0.3753,12,13,10,11,46,7,4,4,15,0.00525,0.5,0.0,0.0,0.5,0.75,0.5,0.0,1.0,0.5,0.75,0.5,0.0,0.0,0.75,1.0,0.75,0.5,1.0,0.5,1.0
LSTM,16,34.3491,0.4292,0.2827,0.8111,-0.0047,0.4306,0.4329,0.3785,0.3652,13,10,10,11,44,6,7,2,15,0.005125,0.75,0.0,0.5,0.0,0.0,0.5,0.5,0.5,0.75,0.0,0.5,1.0,0.5,0.75,0.0,0.75,0.75,1.0,0.75,0.75
LSTM,17,36.8441,0.4605,0.2943,0.8113,-0.0009,0.408,0.4239,0.4223,0.3937,12,12,10,13,47,8,5,3,16,0.005375,1.0,0.0,0.5,0.75,0.5,0.5,0.5,0.5,0.0,0.5,0.75,0.0,1.0,0.75,1.0,0.5,0.0,0.75,0.75,0.5
LSTM,18,37.1338,0.4641,0.2949,0.8113,-0.0027,0.3977,0.39,0.3757,0.4164,14,14,11,11,50,7,7,3,17,0.005875,0.75,1.0,0.5,0.75,0.0,0.0,0.5,1.0,0.5,0.5,0.75,0.75,0.75,1.0,0.75,0.0,0.5,0.75,0.5,0.5
LSTM,19,34.5402,0.4313,0.2974,0.8113,-0.0136,0.3472,0.4046,0.3612,0.3886,13,13,11,11,48,8,4,4,16,0.0055,0.5,0.5,0.75,0.5,0.0,0.75,0.5,0.5,0.0,1.0,0.5,0.0,0.75,0.5,0.0,1.0,0.75,0.5,1.0,1.0
LSTM,20,34.2296,0.4279,0.2762,0.8107,0.0,0.3566,0.4122,0.377,0.3814,13,11,11,12,47,5,8,2,15,0.00525,0.75,0.75,0.75,0.75,0.5,0.5,0.75,0.0,0.5,0.0,0.75,0.75,1.0,0.0,0.5,0.0,1.0,0.0,0.75,0.5
LSTM,21,34.9183,0.4364,0.2933,0.8112,-0.005,0.3758,0.4207,0.3932,0.3337,14,12,10,12,48,9,5,3,17,0.005625,0.75,0.5,1.0,0.0,0.5,0.5,0.5,0.5,0.5,0.5,0.75,0.75,0.75,0.0,0.0,0.5,1.0,0.5,0.75,1.0
LSTM,22,36.8835,0.461,0.2886,0.811,0.0,0.4426,0.429,0.3962,0.3911,12,13,11,11,47,9,2,5,16,0.0055,0.5,0.5,1.0,0.0,0.0,0.5,0.5,0.5,1.0,0.75,0.5,0.0,1.0,0.5,1.0,0.5,0.0,0.5,1.0,0.75
LSTM,23,35.1759,0.4397,0.2942,0.8113,0.0,0.4004,0.3704,0.3751,0.3641,13,13,11,12,49,9,4,4,17,0.00575,0.5,0.5,0.0,0.75,0.0,0.5,0.5,0.75,1.0,1.0,0.5,0.5,0.0,0.5,0.5,0.75,0.5,1.0,0.75,1.0
LSTM,24,34.2721,0.4284,0.3022,0.8109,0.0,0.4273,0.3999,0.3475,0.3684,10,13,11,12,46,6,7,2,15,0.005125,0.75,0.5,0.5,0.0,0.75,0.0,0.5,0.75,0.75,0.0,0.75,0.0,0.5,1.0,0.75,0.75,0.5,1.0,0.5,0.0
LSTM,25,32.4053,0.4051,0.2831,0.8113,0.0,0.4123,0.4231,0.3569,0.4331,14,8,8,9,39,4,5,2,11,0.003875,0.5,0.75,0.75,0.5,0.0,0.75,0.75,0.5,0.75,0.0,0.5,1.0,0.0,0.0,0.0,0.0,0.0,0.0,0.0,1.0
LSTM,26,35.4446,0.443,0.2921,0.8113,-0.0007,0.43,0.4286,0.3622,0.361,12,11,12,12,47,5,8,2,15,0.00525,0.0,0.0,1.0,0.5,0.5,0.75,0.75,0.75,0.75,0.75,0.5,0.0,0.75,0.0,1.0,0.5,0.75,0.75,0.0,0.5
LSTM,27,35.2394,0.4396,0.2806,0.8112,-0.0202,0.375,0.3757,0.4129,0.4136,12,13,10,12,47,6,5,4,15,0.005375,0.5,0.75,0.0,0.0,0.5,1.0,0.0,0.5,1.0,0.5,0.0,0.75,1.0,0.75,0.0,1.0,0.5,0.75,0.5,0.75
LSTM,28,34.8292,0.4353,0.3007,0.8113,-0.0019,0.4634,0.3879,0.3821,0.3682,11,12,11,11,45,5,6,3,14,0.005,0.0,0.5,1.0,0.5,0.0,0.75,0.5,0.0,0.75,0.75,0.0,0.5,1.0,0.75,0.0,0.75,0.5,1.0,0.75,0.0
LSTM,29,33.37,0.4169,0.2995,0.8112,-0.0034,0.3944,0.3934,0.416,0.3236,11,12,10,12,45,5,8,2,15,0.00525,0.0,0.75,1.0,0.75,0.0,0.5,0.75,0.75,0.0,0.5,0.0,0.75,1.0,0.5,0.75,0.5,0.75,0.75,0.0,0.5
LSTM,30,36.1006,0.4512,0.2997,0.8112,-0.0023,0.388,0.4328,0.4129,0.3803,12,12,11,12,47,4,4,6,14,0.0055,1.0,0.75,1.0,1.0,1.0,0.0,0.0,0.5,0.0,0.5,1.0,0.75,0.75,0.5,0.75,0.0,0.0,0.0,1.0,0.5
LSTM,31,31.5432,0.3943,0.2898,0.8113,0.0,0.403,0.3849,0.3576,0.3746,11,9,11,11,42,5,8,1,14,0.00475,0.0,0.75,0.5,1.0,0.0,0.0,0.5,0.75,0.0,0.75,0.0,0.75,0.5,0.75,0.0,0.75,0.5,0.75,0.5,0.75
LSTM,32,30.7769,0.3847,0.2866,0.8113,0.0,0.4258,0.3835,0.326,0.3179,12,11,9,11,43,8,3,3,14,0.004625,0.5,1.0,0.0,1.0,0.5,0.0,0.0,0.75,0.5,0.5,0.5,1.0,0.0,0.75,0.5,0.0,0.75,0.0,0.5,0.5
LSTM,33,35.0513,0.4381,0.2904,0.8113,-0.0024,0.4182,0.4208,0.3597,0.4435,12,12,11,9,44,8,5,2,15,0.004875,0.75,0.0,0.75,1.0,0.0,0.0,0.5,0.5,0.5,0.5,0.75,0.75,0.5,0.5,0.0,0.0,0.75,0.5,1.0,0.5
LSTM,34,34.7235,0.434,0.2979,0.8107,0.0,0.4133,0.4119,0.3623,0.3553,12,13,11,11,47,4,7,4,15,0.005625,0.0,0.5,0.5,0.0,1.0,0.75,1.0,0.5,0.0,0.75,1.0,0.75,0.5,0.0,1.0,0.75,0.75,0.75,0.0,0.75
LSTM,35,31.2563,0.3907,0.2791,0.8112,0.0,0.3962,0.4195,0.3612,0.3366,12,9,10,11,42,7,6,1,14,0.0045,1.0,0.5,0.0,0.75,0.0,0.5,0.5,0.0,0.75,0.75,0.75,0.5,0.0,0.5,0.0,0.5,0.5,0.0,0.75,0.75
LSTM,36,33.5335,0.4192,0.2894,0.8113,-0.0004,0.4215,0.4277,0.3221,0.4047,11,10,12,11,44,10,2,4,16,0.00525,0.5,1.0,0.5,0.0,0.5,0.0,1.0,0.5,0.5,0.5,0.5,0.75,0.0,0.75,0.5,0.0,1.0,1.0,0.5,0.5
LSTM,37,37.0302,0.4625,0.2975,0.8112,-0.0084,0.4803,0.4081,0.3868,0.381,11,13,12,11,47,7,7,2,16,0.005375,0.75,0.0,0.5,0.5,0.75,0.75,0.75,0.0,0.5,0.5,0.75,0.5,0.5,0.0,1.0,0.0,0.75,0.75,1.0,0.5
LSTM,38,37.2408,0.4654,0.3,0.8112,-0.0039,0.4012,0.4404,0.3891,0.3777,12,12,12,13,49,4,9,3,16,0.005875,0.75,0.75,1.0,0.0,0.75,0.0,0.75,0.0,1.0,0.5,0.75,0.75,1.0,0.5,0.75,0.0,0.5,0.5,0.75,0.75
LSTM,39,34.442,0.4305,0.2938,0.8113,0.0,0.4175,0.4163,0.3598,0.3655,11,12,11,12,46,5,8,2,15,0.00525,0.75,0.5,0.75,0.75,0.5,0.5,1.0,0.5,0.75,0.75,0.75,0.0,0.0,0.75,0.5,0.0,1.0,0.75,0.0,0.0
LSTM,40,36.8923,0.4612,0.2987,0.8112,0.0,0.4076,0.4103,0.3994,0.3783,13,13,11,12,49,6,6,4,16,0.00575,0.75,0.75,1.0,0.75,0.0,1.0,0.5,0.5,0.5,0.0,1.0,0.75,0.75,0.75,0.0,1.0,0.5,0.5,0.5,0.0
LSTM,41,35.7997,0.4475,0.2991,0.7918,0.0,0.3955,0.421,0.3721,0.3747,12,13,11,12,48,5,7,3,15,0.005375,0.5,0.0,0.5,0.75,0.0,0.75,0.75,0.5,1.0,0.0,0.75,0.5,0.5,0.75,0.0,0.75,0.75,1.0,1.0,0.0
LSTM,42,35.0235,0.4376,0.2915,0.8104,-0.0037,0.4084,0.4041,0.3379,0.4185,11,13,12,11,47,5,6,4,15,0.0055,0.75,0.0,0.75,0.0,0.0,1.0,0.5,0.5,1.0,0.75,1.0,0.0,0.75,0.75,0.0,1.0,0.5,0.5,0.75,0.5
LSTM,43,33.08,0.4133,0.2981,0.8113,-0.0041,0.4145,0.4307,0.3583,0.393,9,11,12,10,42,6,5,2,13,0.004375,0.75,0.75,0.5,0.75,0.0,0.0,1.0,0.75,0.5,0.0,0.0,0.0,0.5,0.5,0.5,0.0,0.0,1.0,0.5,0.75
LSTM,44,29.3937,0.3674,0.2718,0.8111,0.0,0.4492,0.3713,0.3242,0.3177,12,8,10,10,40,7,8,0,15,0.00475,0.75,0.5,0.0,0.5,0.0,0.5,0.75,0.5,0.75,0.5,0.75,0.0,0.0,0.5,0.0,0.75,0.75,0.75,0.75,0.5
LSTM,45,30.3226,0.379,0.2681,0.797,0.0,0.3935,0.3328,0.3143,0.3757,12,12,11,9,44,5,11,0,16,0.005375,0.75,0.75,0.5,0.75,0.0,0.75,0.75,0.0,0.0,0.5,0.5,0.75,0.75,0.75,0.5,0.75,0.75,0.0,0.75,0.5
LSTM,46,34.7792,0.4347,0.2928,0.8111,-0.0026,0.429,0.3934,0.3936,0.388,12,12,11,10,45,9,4,3,16,0.00525,0.5,0.5,0.5,0.5,0.0,0.75,0.75,0.0,0.5,1.0,1.0,0.5,0.75,0.5,0.5,0.75,0.0,0.0,1.0,0.5
LSTM,47,31.4976,0.3933,0.2897,0.8112,-0.0107,0.4256,0.4005,0.3807,0.3399,11,11,9,10,41,7,3,3,13,0.004375,0.0,0.0,0.5,0.5,0.0,0.5,0.75,0.5,0.0,1.0,0.0,0.0,0.75,0.5,0.0,0.5,0.75,0.5,1.0,1.0
LSTM,48,33.8443,0.423,0.2959,0.8112,-0.002,0.4013,0.3937,0.3485,0.3836,12,12,11,11,46,9,2,5,16,0.0055,0.0,1.0,0.5,1.0,0.75,0.5,0.0,0.5,0.75,0.5,0.0,1.0,0.5,1.0,0.5,0.5,1.0,0.5,0.0,0.5
LSTM,49,36.4493,0.4556,0.2927,0.8112,-0.0008,0.4254,0.4385,0.3605,0.3769,13,12,12,11,48,6,4,5,15,0.0055,0.75,0.75,1.0,0.75,1.0,0.5,0.5,0.5,1.0,0.0,0.5,0.75,1.0,0.0,0.5,0.0,0.0,0.5,1.0,0.0
LSTMA,0,29.8301,0.3729,0.2732,0.8113,0.0,0.4419,0.3825,0.4123,0.2795,13,7,5,14,39,8,0,4,12,0.004,0.0,0.0,0.5,0.0,1.0,1.0,0.5,0.0,0.0,0.5,0.0,0.5,0.5,1.0,0.0,0.5,0.5,0.0,1.0,0.5
LSTMA,1,33.6439,0.4205,0.2727,0.8111,-0.0036,0.436,0.421,0.3754,0.4054,12,12,9,8,41,9,3,2,14,0.004375,0.0,1.0,0.0,0.5,0.75,0.5,0.75,0.0,0.75,0.5,0.5,1.0,0.0,0.5,0.5,0.5,0.5,0.0,0.0,0.5
LSTMA,2,31.4035,0.3925,0.2605,0.811,-0.0003,0.4216,0.3781,0.2904,0.4089,13,11,11,8,43,5,6,3,14,0.005,0.75,0.0,0.75,0.0,1.0,0.5,1.0,0.5,0.0,0.0,0.5,0.5,0.75,0.0,1.0,0.75,0.5,0.75,0.0,0.75
LSTMA,3,28.0667,0.3508,0.2369,0.7905,0.0,0.4268,0.367,0.2563,0.2739,13,6,12,12,43,10,5,1,16,0.004875,0.5,0.75,0.5,0.5,0.5,0.0,0.0,0.0,0.5,0.5,0.5,1.0,0.5,0.75,0.5,0.0,0.75,0.75,0.5,0.75
LSTMA,4,26.876,0.3358,0.2552,0.7959,-0.0053,0.4364,0.3758,0.2588,0.3177,14,6,11,6,37,9,4,1,14,0.00425,0.5,0.0,0.0,0.5,0.0,0.75,0.5,0.0,0.75,0.5,0.5,0.0,0.5,0.5,0.0,1.0,0.75,0.5,0.75,0.5
LSTMA,5,27.4405,0.3428,0.2629,0.7708,-0.0068,0.3791,0.3442,0.3465,0.3161,13,8,6,11,38,3,4,3,10,0.00375,1.0,0.75,1.0,0.5,0.0,0.0,0.75,0.75,0.75,0.0,0.5,0.0,0.0,0.0,0.5,1.0,0.0,0.0,0.0,0.0
LSTMA,6,26.7559,0.3342,0.2561,0.8101,-0.0063,0.4166,0.2918,0.3256,0.3464,13,12,5,6,36,9,1,2,12,0.003625,0.0,0.0,0.0,0.5,0.0,1.0,0.5,0.0,0.5,0.0,0.5,0.75,0.0,0.5,0.5,0.5,0.5,0.5,0.0,1.0
LSTMA,7,17.7808,0.2212,0.2118,0.811,-0.0147,0.3318,0.2623,0.2585,0.132,10,11,3,10,34,2,8,1,11,0.004,0.75,0.5,0.0,0.0,0.75,0.5,0.0,0.0,0.0,0.0,0.75,0.75,0.0,0.0,0.75,0.0,0.75,0.75,1.0,0.75
LSTMA,8,23.7405,0.2967,0.2474,0.8091,-0.0003,0.4206,0.3226,0.2313,0.2742,9,10,9,9,37,7,5,1,13,0.004125,0.0,0.5,0.0,0.5,0.75,0.75,0.5,0.5,0.5,0.5,1.0,0.75,0.0,0.75,0.75,0.0,0.5,0.0,0.0,0.0
LSTMA,9,28.5507,0.3567,0.264,0.8089,-0.0034,0.414,0.3583,0.2471,0.3108,14,9,12,8,43,8,4,3,15,0.005,0.0,0.0,0.0,0.5,0.75,1.0,0.5,0.5,0.75,0.5,0.0,0.0,0.5,0.5,0.5,1.0,0.5,1.0,0.75,0.75
LSTMA,10,32.7795,0.4097,0.2777,0.8112,-0.0026,0.4436,0.406,0.357,0.3088,11,9,12,13,45,9,4,3,16,0.00525,1.0,0.0,0.0,0.75,0.0,0.5,0.5,0.75,0.5,0.5,0.5,0.0,0.5,0.75,0.75,0.5,1.0,0.5,1.0,0.5
LSTMA,11,30.2389,0.3777,0.2745,0.8113,-0.0064,0.4455,0.3546,0.2999,0.3548,13,9,9,11,42,7,6,1,14,0.0045,0.5,0.75,0.75,0.0,0.75,0.0,0.0,0.5,0.5,0.0,0.5,0.75,0.75,0.5,0.5,0.0,1.0,0.5,0.0,0.75
LSTMA,12,28.7321,0.3587,0.2637,0.8111,-0.0069,0.3788,0.3774,0.3223,0.3238,14,6,8,12,40,10,3,2,15,0.004625,0.0,0.5,0.5,1.0,0.5,0.0,0.0,0.5,0.5,0.5,0.5,0.75,0.75,0.75,0.0,0.5,0.0,0.5,1.0,0.5
LSTMA,13,28.276,0.3532,0.2842,0.8106,-0.0077,0.4652,0.3751,0.3471,0.3816,12,8,6,7,33,1,1,4,6,0.002625,0.5,0.0,0.0,0.0,0.0,0.0,0.0,1.0,0.0,0.0,0.0,1.0,0.0,0.75,0.0,0.0,0.0,1.0,1.0,0.0
LSTMA,14,30.2936,0.3787,0.266,0.7739,0.0,0.4268,0.3722,0.4022,0.4258,14,7,6,7,34,7,2,1,10,0.003,0.5,0.0,0.5,0.75,0.0,0.5,0.0,0.5,0.0,0.5,0.0,0.0,0.0,0.0,1.0,0.5,0.75,0.0,0.0,0.5
LSTMA,15,27.9049,0.3486,0.2609,0.8111,-0.0034,0.4076,0.3276,0.3493,0.3225,11,9,8,11,39,6,4,2,12,0.004,0.5,0.5,0.0,0.0,0.75,0.0,0.0,0.0,0.75,0.0,0.0,0.5,1.0,0.0,0.75,0.5,0.5,0.5,0.75,1.0
LSTMA,16,27.8179,0.3477,0.2636,0.8071,-0.0022,0.4557,0.4615,0.3618,0.3854,13,4,6,4,27,6,0,1,7,0.002,0.0,0.5,0.5,0.5,0.0,0.0,0.5,0.0,0.0,0.0,0.0,0.0,0.0,0.0,0.0,0.5,0.5,0.0,1.0,0.0
LSTMA,17,26.9885,0.337,0.2593,0.8113,-0.0069,0.4552,0.3689,0.3706,0.3432,13,6,5,5,29,5,1,1,7,0.002125,0.5,0.0,0.0,0.0,0.75,0.5,0.0,0.5,0.0,0.0,0.0,0.0,0.0,0.0,0.0,1.0,0.0,0.5,0.0,0.5
LSTMA,18,32.7943,0.4099,0.2852,0.8112,-0.0011,0.4207,0.404,0.3448,0.349,13,11,11,9,44,8,6,2,16,0.00525,0.5,0.5,0.5,0.0,0.5,0.0,0.75,0.5,0.75,1.0,0.75,0.5,0.5,0.75,0.75,0.0,1.0,0.75,0.5,0.0
LSTMA,19,19.405,0.2421,0.2373,0.8045,-0.0114,0.4504,0.2616,0.1145,0.2763,12,4,11,3,30,8,2,0,10,0.00275,0.0,0.0,0.5,0.0,0.5,0.0,0.0,0.75,0.0,0.0,0.5,0.5,0.5,0.0,0.5,0.0,0.5,0.75,0.0,0.5
LSTMA,20,30.0052,0.3743,0.2749,0.8107,-0.0154,0.4354,0.3942,0.2684,0.3652,12,8,12,9,41,11,2,2,15,0.0045,0.5,0.0,0.75,0.5,0.5,0.5,0.5,1.0,0.0,0.5,0.5,0.0,0.5,1.0,0.0,0.5,0.0,0.75,0.5,0.5
LSTMA,21,29.9373,0.3735,0.2796,0.8113,-0.0181,0.483,0.3928,0.4135,0.3444,12,7,7,8,34,5,3,1,9,0.002875,0.75,0.0,0.0,0.0,0.5,0.5,0.0,0.0,0.0,0.5,1.0,0.5,0.0,0.0,0.0,0.0,0.75,0.75,0.5,0.0
LSTMA,22,23.3527,0.2915,0.2478,0.7332,-0.0069,0.4334,0.3922,0.3312,0.2255,13,5,4,6,28,5,0,2,7,0.00225,0.0,0.0,0.5,0.0,0.0,0.0,0.5,0.0,0.0,0.0,1.0,1.0,0.0,0.0,0.0,0.5,0.5,0.0,0.0,0.5
LSTMA,23,29.6429,0.3704,0.2596,0.8112,-0.0046,0.4076,0.367,0.361,0.394,13,9,6,9,37,4,1,4,9,0.003375,1.0,0.75,0.0,0.5,0.0,0.0,0.0,0.0,0.0,0.5,0.0,1.0,0.0,0.5,0.0,0.0,1.0,1.0,0.0,0.5
LSTMA,24,31.3032,0.3913,0.2694,0.7854,-0.001,0.3824,0.3876,0.3698,0.3701,15,12,7,7,41,9,3,2,14,0.004375,0.0,1.0,0.0,0.75,0.75,0.0,0.5,0.0,0.5,0.5,0.5,0.0,0.5,0.75,1.0,0.5,0.5,0.0,0.5,0.5
LSTMA,25,30.1024,0.3759,0.2514,0.8112,-0.0089,0.425,0.4315,0.2754,0.2645,14,7,12,12,45,5,9,2,16,0.005625,0.75,0.75,0.5,0.5,0.75,0.0,0.5,0.0,0.5,0.0,0.75,0.75,0.5,0.75,0.75,1.0,0.75,0.75,1.0,0.0
LSTMA,26,33.4451,0.418,0.271,0.7736,-0.0009,0.3928,0.3765,0.3444,0.3751,14,10,10,13,47,8,6,3,17,0.00575,0.5,0.5,0.75,0.75,0.0,0.5,0.5,0.0,0.75,0.0,0.5,0.5,0.75,1.0,0.75,0.5,1.0,1.0,0.75,0.5
LSTMA,27,30.8628,0.385,0.2851,0.811,-0.0197,0.4023,0.3886,0.3343,0.3973,12,7,7,13,39,9,2,3,14,0.0045,0.0,0.75,0.75,0.0,0.5,0.5,0.5,0.0,0.5,0.0,0.0,1.0,0.5,1.0,0.5,0.5,0.5,1.0,0.5,0.0
LSTMA,28,35.6789,0.446,0.2781,0.8113,0.0,0.3999,0.372,0.4245,0.3992,14,14,8,10,46,12,3,3,18,0.005625,1.0,0.75,0.5,0.5,0.5,0.75,0.5,0.5,0.5,0.0,0.5,0.5,0.5,0.0,0.5,1.0,1.0,0.5,0.75,0.5
LSTMA,29,30.8454,0.3856,0.2754,0.8111,0.0,0.4205,0.3805,0.3596,0.4161,14,9,7,7,37,6,3,2,11,0.003625,0.5,0.0,0.5,0.0,0.0,0.5,0.0,0.75,0.75,0.0,1.0,0.75,0.5,0.0,0.0,0.5,1.0,0.0,0.5,0.0
LSTMA,30,28.9594,0.362,0.2723,0.8111,0.0,0.493,0.4254,0.3658,0.3932,14,5,5,5,29,2,2,2,6,0.00225,0.0,0.0,0.0,0.0,0.75,0.75,0.5,0.0,0.0,0.0,0.0,0.0,0.0,0.5,0.0,0.0,0.0,0.0,1.0,1.0
LSTMA,31,25.615,0.3201,0.2581,0.8111,-0.002,0.432,0.371,0.346,0.2971,13,6,5,6,30,3,4,0,7,0.00225,0.0,0.75,0.0,0.0,0.0,0.5,0.75,0.0,0.0,0.0,0.0,0.75,0.0,0.0,0.0,0.0,0.75,0.0,0.5,0.5
LSTMA,32,28.7292,0.3591,0.2601,0.7851,-0.0002,0.3766,0.4198,0.315,0.3338,13,6,11,9,39,9,3,2,14,0.004375,0.0,0.5,0.75,0.0,0.5,0.0,0.75,0.0,0.5,1.0,0.5,0.5,0.0,1.0,0.5,0.5,0.0,0.75,0.5,0.5
LSTMA,33,29.196,0.3649,0.2762,0.8113,0.0,0.4055,0.4077,0.4126,0.3289,14,7,6,8,35,5,2,2,9,0.003,0.0,0.0,0.0,0.5,0.0,0.5,0.0,0.0,0.5,0.5,0.75,0.0,0.75,0.0,0.0,0.5,0.0,1.0,1.0,0.0
LSTMA,34,29.1871,0.3645,0.2771,0.8084,-0.0061,0.4292,0.3907,0.3182,0.3222,16,7,6,8,37,5,3,2,10,0.003375,0.75,0.0,0.5,0.0,1.0,0.5,0.0,0.5,0.5,1.0,0.0,0.0,0.5,0.0,0.0,0.0,0.75,0.75,0.0,0.0
LSTMA,35,29.7219,0.3714,0.2376,0.7569,-0.005,0.3995,0.3458,0.3146,0.3604,13,8,8,13,42,8,4,3,15,0.005,0.5,0.5,1.0,0.0,0.5,0.0,0.0,0.5,0.75,0.0,0.5,0.75,0.75,1.0,0.5,0.5,0.0,0.5,0.75,1.0
LSTMA,36,30.2365,0.3779,0.2786,0.8112,-0.0017,0.4463,0.3928,0.2987,0.3658,12,8,12,8,40,12,1,2,15,0.004375,0.0,0.75,1.0,0.5,0.0,0.5,0.5,0.0,0.5,0.5,0.5,1.0,0.5,0.5,0.5,0.5,0.0,0.0,0.5,0.5
LSTMA,37,32.212,0.4026,0.2752,0.8112,-0.001,0.3898,0.4317,0.3238,0.3864,11,9,11,12,43,3,2,6,11,0.0045,0.0,0.0,0.5,0.5,1.0,1.0,0.0,0.5,1.0,0.0,0.0,0.0,0.75,1.0,1.0,0.0,0.0,0.75,0.0,1.0
LSTMA,38,27.8008,0.3475,0.2578,0.8113,0.0,0.4135,0.4045,0.3711,0.3127,15,7,6,5,33,4,2,2,8,0.00275,0.0,0.0,0.0,0.0,0.5,0.0,0.0,0.5,0.75,0.0,1.0,0.0,0.0,0.5,0.5,0.0,0.0,1.0,0.75,0.0
LSTMA,39,23.3413,0.2915,0.2729,0.8109,-0.0085,0.4562,0.3862,0.3347,0.3254,11,5,5,4,25,2,0,2,4,0.0015,0.0,0.0,0.5,0.0,0.0,0.0,0.0,0.0,0.0,0.0,1.0,0.0,0.5,0.0,0.0,0.0,1.0,0.0,0.0,0.0
LSTMA,40,24.6971,0.3086,0.2574,0.8081,-0.0028,0.423,0.3388,0.2855,0.2449,15,5,3,11,34,9,3,0,12,0.003375,0.5,0.75,0.0,0.0,0.5,0.0,0.0,0.75,0.5,0.0,0.5,0.5,0.0,0.0,0.5,0.75,0.0,0.5,0.5,0.5
LSTMA,41,32.3064,0.4038,0.2658,0.8113,0.0,0.4613,0.3613,0.3686,0.3308,11,12,10,11,44,11,4,2,17,0.00525,0.5,0.0,0.5,0.75,1.0,0.5,0.0,0.75,0.0,1.0,0.5,0.5,0.5,0.5,0.5,0.5,0.75,0.5,0.5,0.75
LSTMA,42,31.6732,0.3959,0.2726,0.8111,-0.0016,0.3996,0.42,0.4233,0.4207,13,9,7,8,37,4,6,1,11,0.00375,0.0,0.0,0.0,0.75,0.0,0.5,0.75,0.75,0.5,0.5,0.75,0.5,1.0,0.0,0.75,0.0,0.75,0.0,0.0,0.0
LSTMA,43,25.3914,0.3146,0.2647,0.8093,-0.0333,0.4319,0.3445,0.2197,0.3137,9,10,10,9,38,7,4,2,13,0.00425,0.0,0.5,0.0,0.75,0.0,0.75,0.75,0.5,0.5,0.0,0.0,0.5,1.0,1.0,0.0,0.5,0.75,0.5,0.5,0.0
LSTMA,44,33.0309,0.4128,0.2747,0.8107,-0.0015,0.4238,0.3715,0.3704,0.3613,12,12,11,10,45,6,7,2,15,0.005125,0.75,0.0,0.75,0.0,0.5,0.75,1.0,0.0,0.5,0.0,0.5,0.75,0.5,1.0,0.5,0.5,0.75,0.0,0.75,0.75
LSTMA,45,21.2256,0.265,0.2406,0.8108,-0.0092,0.4877,0.2743,0.2119,0.169,12,5,4,11,32,11,0,1,12,0.00325,0.0,0.0,0.0,0.0,0.0,0.5,0.5,0.5,0.0,1.0,0.5,0.5,0.5,0.0,0.5,0.5,0.5,0.5,0.5,0.0
LSTMA,46,20.7192,0.2589,0.2391,0.8079,-0.002,0.4004,0.3077,0.1576,0.193,14,5,9,6,34,11,2,0,13,0.0035,0.0,0.0,0.0,0.0,0.0,0.5,0.5,0.5,0.5,0.5,0.0,0.5,0.75,0.5,0.0,0.5,0.5,0.5,0.5,0.75
LSTMA,47,26.4821,0.331,0.2702,0.811,0.0,0.4608,0.3065,0.4031,0.3675,12,7,5,6,30,4,3,0,7,0.002125,0.0,0.0,0.5,0.5,0.5,0.0,0.5,0.0,0.0,0.0,0.0,0.0,0.75,0.0,0.75,0.0,0.0,0.75,0.0,0.0
LSTMA,48,24.0239,0.3003,0.2436,0.8085,0.0,0.4344,0.3084,0.1861,0.2492,13,6,14,5,38,9,6,0,15,0.0045,0.0,0.0,0.0,0.75,0.5,0.5,0.0,0.5,0.75,0.5,0.5,0.0,0.75,0.75,0.5,0.5,0.75,0.5,0.75,0.5
LSTMA,49,26.545,0.3318,0.2495,0.8107,0.0,0.4132,0.3344,0.2708,0.2831,13,9,7,11,40,11,1,3,15,0.004625,0.5,0.0,0.5,0.0,0.0,0.5,0.5,0.0,0.5,0.0,0.5,0.5,1.0,0.5,1.0,1.0,0.5,0.5,0.5,0.75
GRU,0,37.907,0.4738,0.2975,0.8113,-0.0011,0.4045,0.4075,0.3808,0.3888,13,14,12,12,51,10,5,4,19,0.006375,0.0,0.5,1.0,0.5,0.5,0.5,1.0,0.75,0.5,0.5,1.0,0.5,0.75,0.5,0.75,1.0,0.75,0.5,0.5,0.75
GRU,1,36.675,0.4583,0.2872,0.8113,-0.0041,0.4117,0.3995,0.397,0.4088,13,14,10,11,48,7,3,5,15,0.005375,1.0,1.0,0.75,0.0,0.5,1.0,1.0,0.0,0.5,0.5,0.5,0.5,0.5,0.5,0.0,0.0,0.75,0.0,0.75,1.0
GRU,2,38.1191,0.4764,0.3034,0.811,-0.0028,0.4104,0.408,0.4038,0.3893,11,14,12,13,50,3,5,6,14,0.005625,1.0,0.0,0.5,0.0,1.0,0.5,0.75,0.75,1.0,0.0,0.75,0.75,0.0,1.0,0.75,1.0,1.0,0.0,0.0,0.5
GRU,3,37.2,0.4649,0.3001,0.8113,-0.002,0.3874,0.4013,0.3961,0.4188,12,14,12,11,49,7,8,2,17,0.00575,0.0,0.5,0.75,0.0,0.75,0.75,1.0,0.5,0.5,0.5,0.75,0.0,0.75,0.75,0.5,1.0,0.75,0.5,0.75,0.5
GRU,4,34.89,0.4361,0.295,0.8109,0.0,0.4176,0.4274,0.3777,0.3855,11,12,11,11,45,6,7,2,15,0.005125,0.0,0.0,0.0,0.75,0.0,0.75,0.75,0.5,0.75,0.75,0.5,1.0,0.5,0.75,0.5,1.0,0.5,0.5,0.0,0.75
GRU,5,38.0564,0.4753,0.2894,0.8112,-0.0088,0.4069,0.4132,0.4023,0.404,13,13,12,12,50,3,8,4,15,0.00575,0.75,0.75,1.0,0.75,0.0,0.0,0.0,0.75,0.5,1.0,0.75,0.0,1.0,0.75,0.5,0.75,0.0,1.0,0.75,0.5
GRU,6,37.3002,0.4658,0.2861,0.7994,-0.011,0.4038,0.4352,0.3832,0.3698,13,12,12,13,50,9,3,5,17,0.005875,1.0,0.0,0.75,0.5,0.5,0.5,1.0,0.5,0.5,0.5,0.5,1.0,0.5,0.75,1.0,0.0,1.0,0.75,0.0,0.5
GRU,7,37.308,0.4657,0.2982,0.8113,-0.014,0.3803,0.3894,0.3827,0.3992,13,14,12,12,51,7,9,2,18,0.006125,0.0,0.5,0.75,0.5,0.5,0.5,0.75,0.0,0.75,0.75,1.0,0.75,0.75,0.5,0.75,1.0,0.75,0.5,0.75,0.5
GRU,8,36.0195,0.4502,0.2931,0.8112,-0.0001,0.3918,0.4021,0.413,0.4057,13,12,11,11,47,7,5,4,16,0.005625,0.0,0.75,0.0,0.5,0.5,0.75,0.75,0.5,0.5,0.75,0.0,1.0,1.0,1.0,0.5,0.5,0.75,0.0,1.0,0.5
GRU,9,36.5235,0.4565,0.2856,0.8112,0.0,0.3795,0.4006,0.3883,0.4118,14,13,11,11,49,5,3,7,15,0.005875,1.0,1.0,0.5,0.0,0.5,1.0,0.0,0.0,0.0,0.0,0.75,0.5,1.0,0.5,0.75,0.75,1.0,1.0,1.0,0.5
GRU,10,36.0714,0.4507,0.2892,0.8112,-0.0043,0.399,0.4199,0.3994,0.3686,12,12,12,12,48,6,7,3,16,0.005625,0.75,1.0,0.5,0.0,0.5,1.0,0.75,0.5,0.5,0.75,0.5,1.0,0.0,0.75,0.5,0.75,0.0,0.0,0.75,0.75
GRU,11,35.0535,0.4382,0.2882,0.8113,0.0,0.4123,0.3982,0.371,0.4153,13,12,11,10,46,5,5,4,14,0.005125,0.0,1.0,0.0,1.0,0.75,0.0,0.5,0.0,0.75,1.0,0.75,0.5,0.5,0.75,0.0,0.5,0.0,1.0,0.5,0.75
GRU,12,32.6473,0.4081,0.2925,0.7994,-0.0014,0.4061,0.3967,0.3624,0.3876,11,12,10,10,43,3,4,5,12,0.00475,0.0,0.0,0.0,0.0,1.0,0.75,0.0,1.0,1.0,0.0,0.75,0.75,0.5,0.0,0.0,1.0,0.5,1.0,0.5,0.75
GRU,13,38.0826,0.476,0.2945,0.8113,0.0,0.4271,0.4205,0.4247,0.4144,12,13,12,11,48,7,6,3,16,0.0055,0.0,0.5,0.75,1.0,0.5,0.75,0.75,0.0,1.0,0.0,0.0,0.5,0.75,0.75,0.75,0.5,0.5,0.5,0.5,1.0
GRU,14,38.2564,0.4781,0.295,0.8113,-0.0032,0.38,0.4022,0.4146,0.4062,14,14,12,11,51,3,8,4,15,0.00575,1.0,0.75,0.0,0.5,0.75,1.0,0.75,0.75,0.0,1.0,0.0,1.0,0.75,0.5,0.75,0.0,0.75,0.5,0.0,0.75
GRU,15,35.3988,0.4423,0.3053,0.8113,-0.0065,0.4072,0.3881,0.3878,0.3852,13,12,11,11,47,7,8,2,17,0.00575,0.5,0.0,0.75,0.0,0.75,0.75,0.5,0.75,0.75,0.75,0.5,0.0,0.5,0.5,1.0,0.5,0.75,0.5,0.75,1.0
GRU,16,39.4467,0.4931,0.3016,0.8113,0.0,0.4189,0.4267,0.4128,0.3974,14,13,12,12,51,4,7,5,16,0.006125,0.75,1.0,0.75,0.0,0.5,0.0,0.75,1.0,0.5,0.0,0.75,0.5,0.75,1.0,0.0,0.75,0.5,0.75,1.0,1.0
GRU,17,38.6138,0.4827,0.3063,0.8113,0.0,0.4076,0.4465,0.4035,0.4128,13,12,12,12,49,8,5,4,17,0.005875,0.75,0.5,0.75,0.75,0.5,0.5,0.0,0.5,0.5,0.5,0.0,1.0,0.5,1.0,0.0,0.75,1.0,1.0,0.75,0.5
GRU,18,37.686,0.4711,0.3012,0.8113,-0.0008,0.3985,0.4068,0.4022,0.3924,13,13,12,12,50,5,6,5,16,0.006,0.75,0.5,1.0,0.5,1.0,0.5,1.0,0.5,0.0,0.75,0.5,0.75,0.75,0.0,1.0,0.75,0.0,1.0,0.0,0.75
GRU,19,37.5584,0.4692,0.2958,0.8113,-0.005,0.3966,0.4342,0.363,0.4025,13,13,13,11,50,8,5,4,17,0.005875,0.5,0.5,0.5,0.75,0.5,0.75,0.0,1.0,1.0,0.0,0.75,0.0,1.0,0.5,0.5,0.75,0.75,1.0,0.5,0.5
GRU,20,36.2682,0.4533,0.2921,0.8112,-0.0006,0.4002,0.3752,0.4057,0.3839,13,13,11,12,49,2,7,5,14,0.005625,0.5,0.75,0.0,0.75,0.75,0.75,0.0,0.75,1.0,0.0,0.75,1.0,0.0,1.0,1.0,0.0,1.0,0.0,0.5,0.75
GRU,21,36.4992,0.4559,0.2907,0.8113,-0.0051,0.3969,0.4257,0.3726,0.3821,13,12,12,12,49,6,7,3,16,0.005625,0.75,0.5,0.5,0.0,0.75,0.0,1.0,0.0,1.0,0.5,0.0,0.5,1.0,0.75,0.5,0.5,0.75,0.75,0.75,0.75
GRU,22,37.3857,0.4672,0.2914,0.8112,-0.0052,0.4153,0.4135,0.3691,0.3985,13,13,12,12,50,8,6,4,18,0.00625,0.5,0.75,0.5,0.0,0.5,1.0,0.5,0.75,0.5,0.75,0.75,1.0,0.75,0.0,0.75,0.5,1.0,0.5,0.5,1.0
GRU,23,38.1814,0.4772,0.2965,0.8109,-0.003,0.3815,0.4118,0.3814,0.3913,14,14,12,12,52,2,8,5,15,0.006,0.0,0.75,0.75,1.0,1.0,0.0,1.0,0.0,0.75,0.75,1.0,0.0,0.75,1.0,0.5,0.75,0.75,0.75,0.0,0.5
GRU,24,36.3238,0.4538,0.2864,0.8112,-0.0099,0.3605,0.3912,0.4025,0.4174,14,13,11,11,49,5,5,5,15,0.005625,0.75,0.75,0.0,0.5,0.5,0.75,1.0,0.0,0.5,0.75,1.0,0.0,0.5,1.0,0.75,0.0,0.5,1.0,0.0,1.0
GRU,25,34.5852,0.4323,0.2928,0.8113,-0.0013,0.4026,0.4023,0.3705,0.3622,12,12,11,12,47,4,8,3,15,0.0055,0.75,0.75,0.5,0.0,0.0,0.75,0.0,0.75,0.5,0.75,1.0,1.0,0.0,1.0,0.5,0.75,0.0,0.75,0.5,0.75
GRU,26,35.4967,0.4436,0.2843,0.8112,-0.0033,0.3875,0.3845,0.3855,0.4075,12,13,11,12,48,4,5,5,14,0.005375,0.0,0.75,0.75,0.0,0.5,0.75,0.75,1.0,0.5,1.0,1.0,0.5,1.0,0.0,0.0,0.0,1.0,0.75,0.0,0.5
GRU,27,37.4529,0.468,0.2917,0.8111,-0.0065,0.4045,0.4072,0.3732,0.4115,13,13,12,12,50,6,9,2,17,0.005875,0.5,0.5,0.0,0.5,0.75,0.75,0.75,1.0,0.75,0.5,1.0,0.0,0.75,0.75,0.5,0.75,0.5,0.75,0.75,0.0
GRU,28,36.7967,0.46,0.2844,0.8113,0.0,0.3927,0.3981,0.397,0.3882,13,13,12,12,50,6,5,5,16,0.005875,0.0,0.5,1.0,1.0,0.5,0.75,0.0,1.0,0.75,0.75,0.5,0.5,1.0,0.5,0.75,0.5,0.0,0.75,1.0,0.0
GRU,29,35.7523,0.4468,0.2874,0.8112,-0.0032,0.3865,0.4229,0.3744,0.3911,13,12,12,11,48,3,2,7,12,0.005,0.0,0.75,0.5,0.0,1.0,0.0,0.0,0.0,0.0,0.75,0.0,1.0,1.0,0.0,1.0,1.0,1.0,0.5,0.5,1.0
GRU,30,35.5886,0.4447,0.2848,0.8113,-0.0039,0.386,0.4102,0.3585,0.3876,13,13,12,11,49,10,4,4,18,0.006,0.5,0.75,0.5,0.0,0.5,0.5,0.0,1.0,0.5,1.0,1.0,0.5,0.75,0.75,0.5,1.0,0.5,0.5,0.75,0.5
GRU,31,35.7918,0.4473,0.2893,0.8112,-0.0035,0.3938,0.3755,0.4136,0.3653,12,13,11,13,49,4,10,2,16,0.00575,1.0,0.0,0.75,0.75,0.0,1.0,0.75,0.0,0.5,0.75,0.75,0.5,0.5,0.75,0.75,0.0,0.75,0.75,0.75,0.5
GRU,32,38.2536,0.4782,0.2917,0.8113,0.0,0.4344,0.3996,0.421,0.416,13,13,11,12,49,4,4,6,14,0.0055,0.5,1.0,1.0,0.5,0.0,0.0,0.0,0.0,0.0,0.75,0.75,0.5,1.0,1.0,1.0,1.0,0.75,0.0,0.75,0.5
GRU,33,35.8426,0.448,0.2813,0.8113,-0.0019,0.4056,0.3627,0.3666,0.3958,12,14,12,12,50,6,6,4,16,0.00575,1.0,0.5,0.0,0.75,0.75,1.0,0.75,1.0,0.5,0.75,0.5,0.5,0.0,0.5,1.0,0.75,0.5,0.0,0.0,0.75
GRU,34,36.9277,0.4616,0.3026,0.8112,0.0,0.4084,0.3752,0.3672,0.3755,13,14,12,12,51,5,9,3,17,0.006125,0.75,0.75,0.75,1.0,0.75,0.5,0.5,0.0,0.5,0.5,0.75,1.0,0.75,0.75,1.0,0.75,0.0,0.0,0.75,0.5
GRU,35,37.9432,0.4743,0.3002,0.8113,0.0,0.409,0.423,0.3894,0.392,13,13,12,12,50,4,6,5,15,0.00575,1.0,0.75,1.0,1.0,0.5,0.0,0.75,0.0,0.75,0.5,1.0,0.0,0.5,0.75,0.5,0.0,0.75,0.75,1.0,0.0
GRU,36,35.7522,0.4466,0.2947,0.8111,-0.006,0.3931,0.4134,0.3545,0.4065,13,12,12,11,48,5,5,5,15,0.005625,0.75,0.0,1.0,0.75,0.75,0.0,1.0,0.5,0.5,1.0,0.0,0.75,0.5,0.5,1.0,0.75,0.0,0.5,0.0,1.0
GRU,37,36.6781,0.4585,0.2903,0.8112,-0.0001,0.4103,0.432,0.3835,0.3933,12,12,12,12,48,9,6,3,18,0.006,0.5,0.5,0.5,0.75,0.75,0.5,1.0,0.75,0.5,0.0,0.0,1.0,0.75,1.0,0.5,0.75,0.5,0.5,0.75,0.5
GRU,38,34.1765,0.4272,0.3016,0.8113,0.0,0.3865,0.3807,0.4194,0.4125,12,12,10,10,44,4,5,4,13,0.004875,0.0,0.5,0.75,0.0,0.5,0.0,1.0,0.75,0.75,0.0,1.0,0.75,0.75,1.0,0.5,0.0,0.5,1.0,0.0,0.0
GRU,39,37.1666,0.4644,0.2973,0.8112,-0.0041,0.4122,0.4334,0.3802,0.4094,12,13,11,12,48,6,6,4,16,0.00575,0.75,0.75,0.5,0.0,1.0,0.5,0.75,0.5,0.0,1.0,0.0,1.0,0.5,0.75,0.0,1.0,0.75,0.5,0.5,0.75
GRU,40,36.6285,0.4576,0.2902,0.8107,-0.0039,0.3945,0.381,0.4013,0.3781,13,14,11,12,50,8,8,2,18,0.006,0.75,0.5,0.5,0.75,1.0,0.75,0.75,0.5,0.0,0.5,0.75,0.5,0.75,0.5,1.0,0.5,0.75,0.0,0.75,0.5
GRU,41,38.6035,0.4825,0.3013,0.8113,-0.0007,0.4001,0.4359,0.3973,0.4142,13,13,12,12,50,7,7,3,17,0.005875,0.75,0.75,0.5,1.0,0.5,0.75,0.75,0.75,0.5,0.75,0.75,0.5,0.5,0.5,1.0,0.5,1.0,0.0,0.0,0.0
GRU,42,36.2915,0.4534,0.2916,0.8113,-0.0078,0.3873,0.4127,0.3906,0.4058,13,13,11,11,48,3,12,1,16,0.00575,0.5,0.5,0.0,0.75,0.75,0.75,0.75,0.0,0.75,0.75,0.75,0.75,1.0,0.0,0.0,0.5,0.75,0.75,0.75,0.75
GRU,43,38.6434,0.4829,0.295,0.8113,-0.005,0.3969,0.4035,0.411,0.3818,13,14,13,12,52,6,10,2,18,0.00625,0.5,0.75,0.75,0.5,0.75,0.5,0.5,0.0,1.0,0.75,0.75,0.5,0.5,0.0,0.75,0.75,1.0,0.75,0.75,0.75
GRU,44,36.055,0.4506,0.2927,0.8113,-0.0036,0.3968,0.4092,0.364,0.4179,13,12,12,11,48,6,7,3,16,0.005625,0.75,1.0,0.75,0.5,0.0,1.0,0.5,0.75,0.5,0.0,1.0,0.5,0.0,0.0,0.75,0.75,0.75,0.5,0.75,0.5
GRU,45,36.1565,0.452,0.2912,0.8113,0.0,0.3654,0.4283,0.3607,0.4084,13,12,12,12,49,4,7,5,16,0.006125,0.5,1.0,0.5,0.75,0.75,0.0,0.0,0.5,0.75,1.0,0.75,0.5,0.75,0.0,0.75,0.75,0.0,1.0,1.0,1.0
GRU,46,37.002,0.4625,0.2896,0.8113,0.0,0.3844,0.4282,0.3958,0.4006,13,13,12,11,49,6,5,5,16,0.005875,0.5,1.0,0.75,0.75,0.0,0.5,1.0,0.0,0.5,1.0,0.5,0.5,1.0,0.5,1.0,0.0,0.75,0.0,0.75,0.75
GRU,47,36.9016,0.4612,0.2938,0.8112,-0.0042,0.3636,0.4288,0.4015,0.4298,14,12,11,11,48,6,4,5,15,0.0055,1.0,0.75,0.0,0.5,0.0,0.5,0.75,0.75,1.0,0.5,1.0,0.5,1.0,0.75,0.5,1.0,0.0,0.5,0.0,0.0
GRU,48,36.7079,0.4588,0.2895,0.8113,0.0,0.4088,0.4299,0.3972,0.3821,13,12,11,12,48,7,5,4,16,0.005625,0.75,1.0,0.5,1.0,0.5,0.0,0.5,0.0,0.75,0.75,0.5,0.75,0.0,0.5,0.0,1.0,0.75,0.5,0.5,1.0
GRU,49,37.0834,0.4635,0.2945,0.8112,-0.003,0.3945,0.3987,0.406,0.408,13,13,11,12,49,7,7,3,17,0.005875,0.5,0.75,0.0,0.75,0.5,0.75,0.5,1.0,0.75,0.5,0.5,0.75,0.0,0.5,0.0,1.0,0.75,0.5,0.75,1.0
GRUA,0,27.7194,0.3463,0.257,0.7696,-0.0065,0.4099,0.354,0.3539,0.3155,12,8,8,9,37,7,3,2,12,0.003875,0.75,0.75,0.5,0.0,0.5,0.0,0.5,0.0,0.0,1.0,0.0,1.0,0.0,0.0,0.5,0.5,0.5,0.75,0.5,0.0
GRUA,1,32.7372,0.4092,0.2916,0.8112,0.0,0.4286,0.3835,0.3935,0.3489,11,11,11,10,43,5,8,1,14,0.00475,0.0,0.75,0.0,0.75,0.75,0.0,0.0,0.75,1.0,0.75,0.0,0.5,0.5,0.75,0.5,0.5,0.75,0.0,0.5,0.75
GRUA,2,21.9727,0.2746,0.2538,0.8111,-0.0039,0.4325,0.3448,0.2674,0.342,11,6,5,4,26,5,1,2,8,0.002625,0.0,0.0,0.0,0.0,0.0,1.0,0.5,0.0,0.0,0.0,0.5,0.5,1.0,0.5,0.0,0.0,0.5,0.0,0.0,0.75
GRUA,3,26.8141,0.3351,0.2751,0.7672,-0.0035,0.4177,0.37,0.3743,0.3304,13,7,6,7,33,2,4,1,7,0.0025,0.0,0.0,1.0,0.0,0.0,0.0,0.75,0.75,0.0,0.0,0.5,0.0,0.0,0.0,0.5,0.75,0.0,0.75,0.0,0.0
GRUA,4,19.1955,0.2399,0.2245,0.8111,0.0,0.3724,0.2787,0.2435,0.1673,13,4,5,9,31,5,1,3,9,0.003125,0.0,1.0,0.0,0.0,0.5,1.0,0.0,0.75,0.0,1.0,0.5,0.0,0.0,0.0,0.5,0.5,0.5,0.0,0.0,0.0
GRUA,5,25.8031,0.3225,0.2499,0.7851,0.0,0.395,0.354,0.3228,0.3241,11,8,8,8,35,4,3,2,9,0.003125,0.75,0.5,0.0,0.75,1.0,0.0,0.5,0.0,0.0,0.0,0.0,0.75,0.0,1.0,0.5,0.0,0.0,0.5,0.0,0.0
GRUA,6,28.8907,0.3611,0.2716,0.7993,0.0,0.3979,0.3772,0.3537,0.385,12,9,7,9,37,5,5,1,11,0.003625,0.5,0.5,0.0,0.0,0.5,0.75,0.0,0.75,0.0,0.75,0.0,0.75,0.0,0.5,0.5,1.0,0.0,0.0,0.0,0.75
GRUA,7,29.9704,0.3743,0.2732,0.7854,-0.0105,0.4057,0.3763,0.3322,0.3592,10,10,11,10,41,5,5,3,13,0.004625,1.0,1.0,0.0,0.0,0.0,0.5,0.0,0.0,0.75,0.0,0.75,1.0,0.5,0.5,0.5,0.0,0.75,0.75,0.5,0.75
GRUA,8,32.7776,0.4097,0.2895,0.8113,-0.0018,0.4375,0.3918,0.4115,0.387,13,10,8,9,40,5,3,4,12,0.004375,1.0,0.0,0.0,0.75,0.0,0.5,0.0,0.0,0.5,0.5,0.5,0.0,0.75,0.0,0.75,1.0,1.0,1.0,0.5,0.0
GRUA,9,23.5742,0.2946,0.2703,0.8113,-0.0028,0.4393,0.329,0.3191,0.3028,12,7,5,6,30,4,1,3,8,0.002875,0.5,0.0,0.75,0.0,0.0,0.0,0.5,1.0,0.0,0.0,0.0,0.5,0.0,0.0,0.0,1.0,0.5,0.0,1.0,0.0
GRUA,10,25.078,0.3135,0.2615,0.8107,0.0,0.3953,0.3205,0.3365,0.367,10,9,6,8,33,4,4,2,10,0.0035,0.5,0.0,0.75,1.0,0.0,0.0,0.5,0.0,0.0,0.75,0.5,1.0,0.0,0.75,0.0,0.0,0.0,0.5,0.75,0.0
GRUA,11,29.3718,0.367,0.2722,0.8112,-0.0043,0.4155,0.3725,0.354,0.3561,13,9,7,9,38,2,5,3,10,0.003875,1.0,0.0,0.75,0.0,0.0,0.0,0.5,1.0,1.0,0.0,0.75,0.0,0.75,0.5,0.0,0.0,0.0,0.0,0.75,0.75
GRUA,12,25.5883,0.3199,0.2429,0.8112,0.0,0.3751,0.3499,0.3234,0.2713,12,7,9,9,37,6,6,0,12,0.00375,0.5,0.5,0.0,0.75,0.0,0.0,0.0,0.0,0.5,0.5,0.75,0.0,0.0,0.75,0.75,0.0,0.75,0.75,0.5,0.5
GRUA,13,30.8242,0.3853,0.2763,0.7763,0.0,0.4502,0.3471,0.3609,0.4083,13,10,8,8,39,5,5,2,12,0.004125,0.75,0.0,0.75,1.0,0.5,0.0,0.5,0.5,0.0,0.0,0.5,0.0,0.0,0.75,0.75,0.5,0.75,0.0,1.0,0.0
GRUA,14,28.2235,0.3528,0.2848,0.8113,0.0,0.4057,0.3872,0.3929,0.3569,11,8,8,8,35,3,3,3,9,0.003375,1.0,1.0,0.75,0.0,0.0,0.5,0.0,0.0,0.0,0.0,0.0,0.5,0.0,0.0,0.5,0.0,0.75,0.0,0.75,1.0
GRUA,15,24.9906,0.3122,0.2683,0.8103,-0.0063,0.4072,0.3579,0.3109,0.3038,13,7,7,6,33,5,5,0,10,0.003125,0.75,0.0,0.75,0.5,0.0,0.75,0.5,0.0,0.5,0.0,0.5,0.75,0.0,0.0,0.5,0.0,0.75,0.0,0.0,0.0
GRUA,16,27.2705,0.3409,0.2886,0.8112,0.0,0.408,0.3564,0.3801,0.3597,13,7,7,7,34,3,4,2,9,0.00325,0.75,0.0,0.0,0.0,0.75,0.75,1.0,0.0,0.0,0.0,0.5,0.0,0.5,0.75,0.0,0.0,1.0,0.5,0.0,0.0
GRUA,17,22.9773,0.2871,0.2475,0.7561,-0.0037,0.4286,0.2932,0.2766,0.2604,13,6,7,7,33,3,4,1,8,0.00275,0.0,0.0,0.0,1.0,0.0,0.75,0.0,0.75,0.0,0.75,0.0,0.0,0.75,0.0,0.5,0.0,0.5,0.5,0.0,0.0
GRUA,18,27.1401,0.3393,0.258,0.7366,0.0,0.377,0.3454,0.3056,0.3512,11,9,10,9,39,8,6,0,14,0.00425,0.75,0.5,0.0,0.75,0.0,0.75,0.5,0.0,0.75,0.0,0.5,0.5,0.5,0.5,0.5,0.75,0.75,0.0,0.0,0.5
GRUA,19,25.5962,0.3195,0.2778,0.7853,-0.0111,0.4094,0.3569,0.324,0.3524,11,8,7,7,33,5,5,0,10,0.003125,0.0,0.5,0.0,0.0,0.5,0.75,0.0,0.5,0.0,0.5,0.0,0.75,0.5,0.0,0.75,0.0,0.75,0.75,0.0,0.0
GRUA,20,26.6858,0.3336,0.2597,0.8108,0.0,0.3977,0.3445,0.3042,0.3525,11,9,9,8,37,6,2,3,11,0.00375,0.0,0.0,0.5,0.0,0.0,0.0,1.0,0.0,0.75,0.5,1.0,0.0,0.5,1.0,0.75,0.5,0.0,0.0,0.5,0.5
GRUA,21,29.1475,0.3643,0.2741,0.811,-0.0018,0.4254,0.3499,0.3032,0.3829,14,9,8,8,39,4,5,2,11,0.003875,0.75,1.0,0.75,0.0,0.0,0.0,0.5,1.0,0.0,0.5,0.0,0.75,0.0,0.75,0.0,0.0,0.5,0.75,0.5,0.0
GRUA,22,24.515,0.3063,0.2503,0.811,-0.0069,0.4261,0.3208,0.2323,0.284,11,8,12,7,38,8,3,2,13,0.004125,0.75,0.0,0.0,0.0,0.5,1.0,1.0,0.0,0.5,0.5,0.5,0.75,0.0,0.5,0.5,0.0,0.75,0.0,0.5,0.5
GRUA,23,25.728,0.3214,0.2484,0.7708,-0.0042,0.4494,0.3619,0.2587,0.3108,12,6,7,9,34,8,2,1,11,0.00325,0.5,0.0,0.75,0.5,0.75,0.5,0.0,0.5,0.5,0.0,0.0,1.0,0.5,0.0,0.0,0.0,0.0,0.0,0.5,0.5
GRUA,24,22.3203,0.279,0.2551,0.7854,0.0,0.3351,0.3465,0.3253,0.3128,11,7,6,7,31,4,4,1,9,0.003,0.5,0.0,0.75,1.0,0.75,0.0,0.75,0.0,0.5,0.0,0.0,0.0,0.0,0.0,0.5,0.0,0.75,0.5,0.0,0.0
GRUA,25,24.9784,0.3122,0.258,0.7843,0.0,0.4188,0.3748,0.2855,0.3112,13,7,6,6,32,6,4,0,10,0.003,0.0,0.0,0.75,0.0,0.75,0.5,0.5,0.0,0.0,0.5,0.75,0.5,0.0,0.0,0.75,0.0,0.5,0.5,0.0,0.0
GRUA,26,27.0741,0.3384,0.2687,0.7992,0.0,0.3721,0.3603,0.3516,0.3637,12,8,8,8,36,3,4,3,10,0.00375,1.0,0.0,0.0,0.75,0.75,0.0,0.0,0.5,0.0,0.5,0.0,1.0,1.0,0.0,0.5,0.75,0.0,0.0,0.75,0.0
GRUA,27,34.78,0.4347,0.2849,0.8111,-0.001,0.4203,0.4027,0.3801,0.3773,12,11,11,12,46,5,5,4,14,0.005125,1.0,0.0,0.75,0.0,0.75,0.0,0.75,0.5,0.0,0.75,0.5,0.5,0.5,0.0,0.5,1.0,1.0,0.0,1.0,0.75
GRUA,28,25.3474,0.3168,0.2664,0.8111,-0.0026,0.3835,0.339,0.309,0.314,13,8,8,7,36,6,6,0,12,0.00375,0.5,0.0,0.0,0.5,0.5,0.5,0.0,0.75,0.5,0.0,0.75,0.75,0.75,0.0,0.0,0.5,0.0,0.75,0.0,0.75
GRUA,29,23.7701,0.2971,0.2561,0.8112,-0.0023,0.4283,0.3355,0.2874,0.2924,12,6,6,7,31,3,3,1,7,0.002375,0.0,0.0,0.0,0.0,0.75,0.75,0.5,0.0,0.0,0.0,0.0,0.0,0.5,0.5,0.0,1.0,0.0,0.0,0.0,0.75
GRUA,30,22.6623,0.2833,0.2512,0.7949,0.0,0.4038,0.3295,0.3161,0.3415,13,5,5,5,28,2,5,0,7,0.002375,0.5,0.0,0.0,0.0,0.75,0.0,0.0,0.0,0.0,0.0,0.0,0.5,0.0,0.0,0.75,0.0,0.75,0.0,0.75,0.75
GRUA,31,28.3426,0.3543,0.2662,0.8025,0.0,0.396,0.3921,0.3571,0.3059,12,9,8,9,38,5,4,2,11,0.00375,1.0,0.0,0.5,0.0,0.0,0.5,0.0,0.75,0.0,0.0,0.5,0.75,0.5,0.0,0.0,0.0,0.75,0.5,1.0,0.75
GRUA,32,26.5089,0.3314,0.2561,0.7734,0.0,0.3798,0.3458,0.3392,0.3165,14,7,8,8,37,6,4,1,11,0.0035,0.5,0.75,0.0,0.5,0.5,1.0,0.5,0.75,0.0,0.0,0.0,0.5,0.0,0.0,0.75,0.0,0.5,0.0,0.75,0.0
GRUA,33,28.4249,0.3553,0.2645,0.8091,0.0,0.4147,0.3852,0.3737,0.3837,11,8,7,8,34,4,6,0,10,0.00325,0.0,0.5,0.75,0.0,0.0,0.0,0.5,0.75,0.0,0.5,0.5,0.75,0.0,0.75,0.0,0.0,0.0,0.0,0.75,0.75
GRUA,34,26.5894,0.3324,0.2611,0.8113,0.0,0.4047,0.3578,0.3243,0.2906,14,7,8,6,35,4,4,2,10,0.0035,0.0,0.0,0.0,0.5,0.5,0.0,0.75,0.5,0.5,0.0,0.75,0.0,0.75,0.0,0.75,0.0,0.0,0.0,1.0,1.0
GRUA,35,28.4072,0.3547,0.2708,0.8107,-0.0077,0.4517,0.366,0.3823,0.3823,12,8,6,7,33,6,2,1,9,0.00275,0.0,0.5,0.0,0.75,0.75,0.0,0.0,0.5,0.0,0.5,0.0,0.5,0.0,0.0,1.0,0.5,0.5,0.0,0.0,0.0
GRUA,36,28.0853,0.3511,0.2582,0.7852,-0.0002,0.3648,0.3373,0.3773,0.3895,12,10,8,7,37,7,4,1,12,0.00375,0.75,0.0,0.5,0.5,0.5,0.0,0.0,0.75,1.0,0.0,0.0,0.5,0.5,0.0,0.5,0.75,0.5,0.75,0.0,0.0
GRUA,37,21.5637,0.2692,0.2275,0.7254,-0.0084,0.3323,0.337,0.2485,0.3244,12,5,7,7,31,5,4,0,9,0.00275,0.5,0.0,0.0,0.0,0.75,0.75,0.0,0.0,0.5,0.75,0.5,0.0,0.0,0.0,0.5,0.0,0.0,0.5,0.0,0.75
GRUA,38,29.0703,0.3633,0.2647,0.8103,-0.0026,0.4441,0.3876,0.3,0.3119,12,8,7,12,39,7,4,2,13,0.00425,0.5,0.5,0.0,0.75,0.75,0.5,0.0,0.75,0.5,0.5,0.0,0.0,0.5,0.75,0.0,0.0,1.0,1.0,0.5,0.0
GRUA,39,20.4421,0.2553,0.2292,0.6727,-0.0071,0.3534,0.2819,0.2895,0.2846,12,8,5,5,30,5,2,1,8,0.0025,0.0,0.0,0.0,0.0,0.0,0.75,0.0,0.5,0.5,1.0,0.0,0.0,0.5,0.0,0.5,0.0,0.0,0.0,0.5,0.75
GRUA,40,26.9172,0.3365,0.2766,0.8111,0.0,0.3878,0.3474,0.3504,0.3872,10,9,8,8,35,1,6,2,9,0.0035,1.0,0.0,0.0,0.75,0.75,0.75,0.0,0.0,0.75,0.5,0.75,1.0,0.0,0.0,0.75,0.0,0.0,0.0,0.0,0.0
GRUA,41,28.2903,0.3535,0.2767,0.7595,-0.0031,0.402,0.3662,0.3459,0.3255,11,10,9,9,39,4,4,4,12,0.0045,1.0,0.75,1.0,0.0,0.0,0.0,0.75,0.0,0.75,0.75,1.0,1.0,0.0,0.5,0.0,0.0,0.0,0.5,0.5,0.5
GRUA,42,34.4812,0.4307,0.2769,0.8113,-0.0113,0.3409,0.4007,0.3968,0.4057,14,12,11,10,47,5,6,4,15,0.0055,0.5,0.75,0.5,1.0,0.75,0.75,0.75,0.75,0.5,0.0,0.0,1.0,0.0,0.0,0.0,0.5,0.5,1.0,0.75,1.0
GRUA,43,23.4838,0.2935,0.2474,0.767,-0.0025,0.3706,0.3368,0.3341,0.3181,13,7,5,6,31,5,2,1,8,0.0025,0.5,0.0,0.0,0.0,0.0,0.5,1.0,0.5,0.75,0.75,0.0,0.0,0.0,0.5,0.0,0.0,0.5,0.0,0.0,0.0
GRUA,44,33.3801,0.4173,0.2699,0.7994,0.0,0.3959,0.3743,0.3524,0.3969,13,11,11,11,46,5,8,2,15,0.00525,0.5,0.75,0.5,0.0,0.75,0.5,0.0,0.75,0.75,0.5,0.75,0.0,0.75,1.0,0.75,0.0,0.75,1.0,0.5,0.0
GRUA,45,25.4998,0.3187,0.2702,0.8113,0.0,0.3651,0.3425,0.3646,0.293,12,9,8,7,36,5,6,0,11,0.0035,0.0,0.0,0.0,0.5,0.0,0.75,0.75,0.5,0.0,0.75,0.0,0.75,0.0,0.5,0.5,0.75,0.0,0.5,0.75,0.0
GRUA,46,23.6752,0.2959,0.2538,0.8004,0.0,0.4734,0.3192,0.2621,0.2643,12,7,7,6,32,2,4,2,8,0.003,0.0,0.0,0.0,0.75,0.0,0.0,0.0,1.0,0.5,0.75,0.75,1.0,0.0,0.0,0.75,0.5,0.0,0.0,0.0,0.0
GRUA,47,28.313,0.3538,0.2653,0.8085,-0.0041,0.419,0.3615,0.3281,0.2965,14,10,7,8,39,4,5,2,11,0.003875,1.0,0.0,0.5,0.5,0.0,0.0,0.75,0.0,0.0,0.0,0.75,0.75,0.0,0.75,1.0,0.0,0.5,0.75,0.5,0.0
GRUA,48,27.9543,0.3494,0.2568,0.7977,0.0,0.3483,0.4014,0.3836,0.3729,12,8,7,8,35,3,4,2,9,0.00325,0.0,0.5,0.0,0.0,0.75,0.0,0.0,0.0,0.0,0.75,0.5,1.0,0.0,0.0,0.5,0.75,0.0,0.75,1.0,0.0
GRUA,49,27.202,0.34,0.2583,0.7982,0.0,0.3551,0.3592,0.3541,0.409,11,9,7,8,35,4,5,1,10,0.003375,0.0,0.0,0.75,0.0,0.0,0.75,0.0,0.75,0.5,0.0,0.75,0.75,0.0,0.5,1.0,0.0,0.0,0.5,0.5,0.0
TF,0,25.4827,0.3182,0.2751,0.7854,-0.0048,0.0561,0.3767,0.3805,0.3355,11,12,11,12,46,8,8,1,17,0.0055,0.75,0.5,1.0,0.5,0.5,0.75,0.75,0.5,0.75,0.75,0.0,0.5,0.75,0.5,0.5,0.75,0.0,0.5,0.75,0.0
TF,1,25.0918,0.3093,0.2879,0.7898,-0.0362,0.0196,0.3293,0.3514,0.358,5,14,12,12,43,11,5,1,17,0.005125,0.5,0.0,0.5,0.5,0.0,0.5,0.75,0.75,1.0,0.5,0.5,0.5,0.5,0.75,0.75,0.5,0.5,0.75,0.0,0.5
TF,2,24.6376,0.3064,0.2736,0.7735,-0.0146,0.0525,0.3446,0.3015,0.3805,6,14,12,11,43,3,8,2,13,0.00475,1.0,0.75,0.0,0.0,0.75,0.5,0.0,0.75,0.0,0.75,0.75,0.5,0.0,0.0,1.0,0.0,0.5,0.75,0.75,0.75
TF,3,24.8339,0.3062,0.2877,0.7994,-0.029,0.0267,0.3836,0.3637,0.4057,10,12,10,10,42,4,6,2,12,0.00425,0.0,0.75,0.0,0.0,0.0,0.5,0.0,0.0,0.75,0.75,0.5,1.0,1.0,0.75,0.5,0.75,0.0,0.0,0.5,0.75
TF,4,25.6928,0.3197,0.2925,0.7854,-0.01,0.0061,0.3607,0.351,0.3913,8,12,12,13,45,8,7,1,16,0.005125,0.75,0.75,0.0,0.75,0.5,0.5,0.5,0.0,0.5,0.5,0.0,0.5,0.75,1.0,0.75,0.0,0.5,0.75,0.5,0.75
TF,5,21.8807,0.2691,0.2604,0.7312,-0.0273,0.0074,0.3217,0.2974,0.3458,8,12,12,11,43,7,9,0,16,0.005125,0.5,0.75,0.5,0.5,0.5,0.75,0.0,0.0,0.75,0.0,0.5,0.5,0.75,0.75,0.75,0.75,0.75,0.5,0.75,0.0
TF,6,26.6309,0.3309,0.2936,0.7854,-0.02,0.0206,0.3916,0.3618,0.3245,9,14,12,13,48,10,6,2,18,0.00575,0.5,0.75,0.75,0.75,1.0,0.5,0.5,0.75,0.5,0.5,0.75,0.75,0.5,0.5,0.0,0.5,0.0,0.5,1.0,0.5
TF,7,24.6943,0.3087,0.2698,0.8111,0.0,0.0472,0.3634,0.3536,0.3683,12,10,12,12,46,6,7,2,15,0.005125,0.0,0.75,0.75,0.75,0.5,0.0,0.75,0.0,0.5,0.0,1.0,0.5,0.75,1.0,0.5,0.0,0.75,0.75,0.5,0.5
TF,8,25.5782,0.3182,0.2831,0.7871,-0.0182,0.0249,0.3443,0.3292,0.3798,11,14,12,12,49,4,8,3,15,0.0055,1.0,0.75,0.0,0.75,0.0,1.0,0.75,0.75,0.5,0.0,0.75,0.75,1.0,0.5,0.5,0.5,0.75,0.75,0.0,0.0
TF,9,23.4318,0.2909,0.2709,0.8113,-0.0255,0.0352,0.3439,0.2927,0.3981,9,11,11,12,43,5,6,3,14,0.005,0.5,0.0,0.0,0.0,0.5,0.0,0.75,0.0,0.5,1.0,0.75,1.0,0.5,0.75,0.0,0.75,0.75,1.0,0.5,0.75
TF,10,25.5146,0.3174,0.2964,0.8113,-0.0149,0.0146,0.3749,0.3142,0.4149,10,13,12,11,46,9,1,5,15,0.005125,0.0,1.0,0.5,0.0,1.0,1.0,0.5,0.75,0.0,0.5,0.5,0.5,0.0,0.5,1.0,1.0,0.5,0.5,0.5,0.0
TF,11,24.5819,0.2976,0.2858,0.7828,-0.0684,0.0038,0.3498,0.3744,0.3421,10,12,11,12,45,6,8,1,15,0.005,0.5,0.75,0.75,0.0,0.5,0.0,0.75,0.5,0.5,0.0,0.0,0.75,0.75,0.0,0.75,0.5,1.0,0.5,0.75,0.75
TF,12,27.5273,0.3431,0.3041,0.7993,-0.0172,0.0431,0.3997,0.3726,0.3812,8,13,12,12,45,7,5,3,15,0.005125,0.5,0.75,0.0,1.0,1.0,0.75,1.0,0.75,0.5,0.75,0.75,0.0,0.5,0.5,0.0,0.0,0.5,0.5,0.5,0.0
TF,13,24.4162,0.3042,0.2845,0.7462,-0.0132,0.0174,0.3644,0.3488,0.3686,8,12,12,11,43,5,6,3,14,0.005,0.0,0.75,0.75,0.75,0.0,1.0,0.0,0.5,1.0,1.0,0.0,0.75,0.75,0.5,0.5,0.75,0.5,0.0,0.5,0.0
TF,14,25.0347,0.3125,0.2872,0.8113,-0.0094,0.0389,0.3554,0.3749,0.3616,6,11,11,13,41,8,5,1,14,0.004375,0.5,0.0,0.75,0.5,0.0,0.5,0.75,0.0,0.0,0.5,0.75,0.5,0.0,0.75,0.0,0.75,1.0,0.5,0.5,0.5
TF,15,24.612,0.303,0.2682,0.7573,-0.0468,0.0364,0.3322,0.3634,0.3386,11,13,12,11,47,11,5,2,18,0.005625,0.5,0.75,0.75,0.75,0.5,1.0,0.5,0.75,0.5,0.5,0.5,0.75,1.0,0.5,0.5,0.5,0.5,0.5,0.0,0.0
TF,16,26.8643,0.3348,0.2956,0.811,-0.0121,0.0296,0.3822,0.333,0.3878,10,12,13,13,48,8,4,4,16,0.0055,0.75,0.5,0.75,0.5,0.5,0.5,1.0,0.0,0.5,0.0,0.75,1.0,0.5,0.75,0.0,1.0,0.0,0.5,0.5,1.0
TF,17,24.5166,0.306,0.2897,0.8113,-0.0075,0.0228,0.385,0.333,0.3863,9,12,11,11,43,6,6,2,14,0.00475,0.5,0.5,0.0,0.0,0.5,0.75,1.0,0.5,1.0,0.75,0.0,0.75,0.5,0.75,0.75,0.0,0.5,0.0,0.75,0.0
TF,18,27.7388,0.3434,0.3026,0.8112,-0.0331,0.0453,0.3904,0.3701,0.382,10,13,13,11,47,8,5,3,16,0.005375,0.75,0.5,1.0,0.5,0.75,0.5,0.0,0.0,0.5,0.5,0.5,1.0,0.5,0.5,1.0,0.75,0.0,0.75,0.75,0.0
TF,19,29.5217,0.367,0.3046,0.8113,-0.0263,0.0638,0.4238,0.3701,0.422,10,12,13,12,47,12,6,1,19,0.00575,0.5,0.5,0.75,0.5,0.5,0.75,0.5,0.0,0.5,1.0,0.75,0.5,0.75,0.75,0.5,0.5,0.5,0.5,0.75,0.5
TF,20,24.615,0.3049,0.2894,0.8113,-0.021,0.0257,0.3831,0.3449,0.3615,4,11,12,12,39,6,5,1,12,0.003875,0.5,1.0,0.75,0.5,0.0,0.0,0.75,0.0,0.75,0.0,0.75,0.0,0.5,0.0,0.0,0.5,0.5,0.0,0.5,0.75
TF,21,24.6567,0.3062,0.2768,0.7433,-0.0192,0.0161,0.3826,0.3444,0.3427,10,12,12,12,46,4,8,2,14,0.005,0.0,0.5,0.75,0.5,0.0,0.5,1.0,0.75,0.0,0.5,0.75,0.75,0.75,0.0,0.0,0.0,0.75,1.0,0.75,0.75
TF,22,25.6579,0.3188,0.2967,0.7993,-0.0186,0.0098,0.3788,0.3724,0.385,12,12,11,12,47,8,8,1,17,0.0055,0.75,0.5,0.0,0.75,1.0,0.5,0.0,0.5,0.5,0.75,0.75,0.75,0.5,0.0,0.75,0.5,0.75,0.5,0.5,0.75
TF,23,25.4886,0.3141,0.2915,0.8113,-0.0282,-0.0025,0.3743,0.3163,0.3997,11,13,12,12,48,6,8,2,16,0.0055,0.0,0.5,1.0,0.5,0.0,0.5,0.75,0.75,0.75,0.5,0.75,0.5,0.0,0.0,1.0,0.5,0.75,0.75,0.75,0.75
TF,24,23.3636,0.2853,0.2805,0.7854,-0.0323,0.0151,0.3715,0.31,0.3601,7,12,11,11,41,9,7,0,16,0.004875,0.75,0.5,0.0,0.5,0.5,0.75,0.5,0.5,0.5,0.5,0.0,0.5,0.75,0.0,0.5,0.0,0.75,0.75,0.75,0.75
TF,25,23.6603,0.2944,0.2754,0.7993,-0.0186,0.0258,0.3599,0.354,0.3728,8,11,11,11,41,5,5,3,13,0.004625,0.5,0.0,0.0,0.75,1.0,1.0,0.75,0.5,0.75,0.0,0.0,1.0,0.75,0.0,0.0,0.0,0.5,0.5,0.75,0.5
TF,26,23.3682,0.2912,0.281,0.7854,-0.0121,0.017,0.3455,0.3596,0.3462,9,12,10,12,43,5,7,2,14,0.004875,0.75,0.75,0.0,0.75,0.5,0.0,0.5,0.0,0.0,0.0,0.75,1.0,1.0,0.75,0.75,0.5,0.5,0.75,0.5,0.0
TF,27,24.3925,0.3041,0.2729,0.7852,-0.0094,0.0263,0.2989,0.3351,0.3817,7,13,13,12,45,7,8,1,16,0.00525,0.0,0.5,0.75,0.0,0.5,0.0,0.75,0.75,0.75,0.75,0.5,0.75,0.75,0.0,0.5,0.75,1.0,0.5,0.5,0.5
TF,28,23.8293,0.297,0.2802,0.78,-0.01,0.0294,0.3732,0.3413,0.3785,8,12,10,11,41,6,5,2,13,0.004375,1.0,0.5,0.5,0.0,0.0,0.0,0.75,1.0,0.5,0.0,0.75,0.75,0.0,0.5,0.75,0.5,0.0,0.0,0.5,0.75
TF,29,22.2565,0.2767,0.2603,0.7711,-0.0132,0.0151,0.3449,0.3158,0.3659,10,11,11,11,43,13,2,2,17,0.005,0.5,0.0,0.75,0.75,0.5,0.5,0.5,0.0,0.5,0.0,0.5,0.5,0.5,0.5,1.0,0.5,0.5,1.0,0.5,0.5
TF,30,24.4098,0.3044,0.2676,0.769,-0.0092,0.03,0.3431,0.3501,0.3625,9,13,11,12,45,8,6,2,16,0.00525,0.5,0.0,0.5,0.75,0.0,0.75,0.75,0.75,0.0,0.5,1.0,0.75,0.75,0.5,0.5,0.5,0.5,1.0,0.5,0.0
TF,31,23.8641,0.2951,0.2664,0.7854,-0.0328,0.027,0.3599,0.3802,0.3133,11,10,12,12,45,9,5,2,16,0.005125,0.0,0.0,0.75,0.5,0.75,0.5,0.5,0.0,0.5,0.75,0.5,0.5,0.5,0.75,1.0,1.0,0.5,0.5,0.0,0.75
TF,32,23.6954,0.2956,0.272,0.7636,-0.0084,0.0226,0.3219,0.3241,0.3773,11,13,11,12,47,8,7,2,17,0.005625,0.75,0.75,0.0,1.0,0.5,0.5,0.0,0.0,0.5,0.75,1.0,0.5,0.5,0.75,0.75,0.75,0.5,0.5,0.75,0.5
TF,33,25.8158,0.3176,0.2924,0.7875,-0.0361,0.0291,0.4126,0.3227,0.369,6,12,11,13,42,8,7,0,15,0.004625,0.75,0.0,0.75,0.5,0.5,0.0,0.75,0.0,0.5,0.5,0.5,0.75,0.0,0.75,0.75,0.0,0.5,0.5,0.75,0.5
TF,34,23.5082,0.2937,0.2676,0.7702,-0.0049,0.0481,0.3525,0.3371,0.36,5,13,10,11,39,8,4,1,13,0.004,0.75,1.0,0.0,0.5,0.0,0.5,0.0,0.5,0.75,0.5,0.0,0.0,0.5,0.5,0.5,0.0,0.75,0.75,0.5,0.0
TF,35,26.4378,0.3295,0.2938,0.7801,-0.0108,0.0303,0.3559,0.3538,0.3897,5,13,12,13,43,8,6,1,15,0.00475,0.75,0.0,0.0,0.75,0.75,0.5,0.5,0.5,0.75,0.5,0.5,0.0,0.5,0.5,0.75,0.0,1.0,0.0,0.5,0.75
TF,36,27.1068,0.3359,0.3018,0.8111,-0.0218,0.0396,0.3826,0.3491,0.3812,6,13,13,12,44,7,7,1,15,0.004875,0.75,0.75,0.5,0.0,0.5,0.5,0.75,1.0,0.5,0.75,0.0,0.5,0.0,0.0,0.75,0.5,0.75,0.5,0.0,0.75
TF,37,24.7449,0.3059,0.2777,0.7994,-0.0226,0.0402,0.3537,0.3859,0.3622,8,12,10,12,42,6,7,1,14,0.004625,0.0,0.5,0.0,0.0,0.0,0.75,0.0,1.0,0.5,0.75,0.75,0.5,0.75,0.5,0.5,0.5,0.0,0.75,0.75,0.75
TF,38,20.8267,0.2594,0.2438,0.7706,-0.0124,0.0139,0.317,0.2831,0.3426,9,11,11,12,43,6,5,3,14,0.004875,0.0,0.0,0.5,1.0,0.75,0.75,0.0,0.0,0.5,0.0,1.0,0.5,0.75,0.0,1.0,0.5,0.75,0.5,0.5,0.75
TF,39,23.7687,0.2962,0.277,0.8112,-0.017,0.0248,0.3907,0.3642,0.3581,9,10,11,11,41,6,6,1,13,0.00425,0.0,0.0,0.5,0.5,0.75,0.75,0.5,0.0,0.0,0.0,0.75,0.75,0.0,0.75,0.5,0.5,0.75,0.0,1.0,0.5
TF,40,26.7241,0.3338,0.278,0.7821,-0.0064,0.0392,0.3347,0.3414,0.3946,13,14,12,13,52,8,9,2,19,0.006375,0.5,1.0,0.5,0.5,0.75,0.75,0.75,0.5,0.5,0.75,0.5,1.0,0.75,0.75,0.5,0.75,0.0,0.75,0.75,0.5
TF,41,27.1775,0.3389,0.2895,0.7994,-0.0114,0.0433,0.3681,0.3633,0.4034,11,14,12,11,48,6,7,3,16,0.005625,0.75,0.0,1.0,1.0,0.75,0.75,0.75,0.5,0.75,0.5,0.5,0.0,0.0,1.0,0.5,0.0,0.5,0.5,0.75,0.75
TF,42,24.6707,0.3064,0.2733,0.7947,-0.0225,0.0351,0.3448,0.3555,0.3633,8,13,11,12,44,10,5,2,17,0.005375,0.5,1.0,0.5,0.5,0.5,0.5,0.0,0.0,0.75,0.75,0.75,0.75,0.0,1.0,0.5,0.5,0.75,0.5,0.5,0.5
TF,43,24.7199,0.3045,0.2804,0.783,-0.0361,0.0519,0.3968,0.3269,0.3667,6,10,12,12,40,5,5,2,12,0.004125,0.5,0.0,0.0,0.0,0.5,0.5,0.0,0.5,0.75,0.0,0.75,0.75,0.75,0.0,1.0,0.5,0.0,0.75,0.0,1.0
TF,44,24.6249,0.3057,0.2806,0.7875,-0.0146,0.014,0.3413,0.3096,0.3922,9,14,11,12,46,5,7,3,15,0.005375,0.5,0.0,0.5,0.5,1.0,0.75,0.75,0.5,0.0,0.0,0.75,0.75,0.75,0.0,0.75,0.5,1.0,0.75,1.0,0.0
TF,45,27.0409,0.3349,0.3041,0.8112,-0.029,0.0329,0.4377,0.4057,0.3949,7,11,10,12,40,8,3,2,13,0.004125,0.5,0.0,0.75,0.0,0.5,0.0,0.5,0.5,0.0,0.0,0.0,0.5,1.0,0.75,0.5,0.5,0.75,0.0,1.0,0.5
TF,46,22.6778,0.2824,0.2637,0.7616,-0.013,0.0267,0.3194,0.2959,0.3624,6,12,12,12,42,8,7,0,15,0.004625,0.0,0.5,0.75,0.5,0.0,0.5,0.75,0.0,0.75,0.5,0.5,0.5,0.0,0.75,0.75,0.75,0.75,0.0,0.5,0.5
TF,47,25.7061,0.3193,0.2912,0.7854,-0.0238,0.0217,0.403,0.3713,0.3619,9,12,12,11,44,10,7,0,17,0.005125,0.75,0.75,0.5,0.5,0.5,0.5,0.75,0.0,0.75,0.5,0.0,0.75,0.5,0.5,0.0,0.75,0.5,0.75,0.5,0.5
TF,48,23.1031,0.2858,0.2745,0.7681,-0.0179,0.0068,0.3495,0.3309,0.368,7,11,12,11,41,9,7,0,16,0.004875,0.75,0.75,0.0,0.5,0.5,0.5,0.75,0.5,0.75,0.5,0.0,0.75,0.0,0.5,0.5,0.5,0.75,0.0,0.75,0.5
TF,49,23.4838,0.2903,0.2722,0.7681,-0.0372,0.0248,0.3765,0.297,0.3345,6,13,12,11,42,8,4,2,14,0.0045,0.75,0.75,1.0,0.5,1.0,0.0,0.5,0.0,0.5,0.5,0.5,0.75,0.5,0.0,0.0,0.75,0.5,0.0,0.0,0.5
